iter,minutes,agent_steps,sps,episodes,ep_len_s,draw_rate,hits_per_ep,pool_win,pool_loss,entropy,pg_loss,v_loss,kl,clipfrac,rule_win,rule_loss,rule_dodge,random_win,random_loss,random_dodge,lateral,strafer_win,strafer_loss,strafer_dodge,v1_win,v1_loss,v1_dodge
1,1.419,131072,69841,0,,,,,,2.956,-0.0,0.0158,0.0,0.0,0.87,0.025,0.863,,,,0.773,0.805,0.15,0.775,0.44,0.465,0.788
2,1.446,262144,81766,93,3.64,0.022,8.66,,,2.863,0.0,0.2607,-0.0,0.0,,,,,,,,,,,,,
3,1.473,393216,80495,113,5.2,0.035,8.61,,,2.866,-0.0,0.266,0.0,0.0,,,,,,,,,,,,,
4,1.5,524288,80965,73,5.98,0.014,8.49,,,2.863,-0.0,0.2018,-0.0,0.0,,,,,,,,,,,,,
5,1.527,655360,81286,87,6.96,0.0,8.61,,,2.841,-0.0,0.2328,-0.0,0.0,,,,,,,,,,,,,
6,1.556,786432,76404,67,8.17,0.015,8.52,,,2.839,-0.0032,0.1774,0.0071,0.088,,,,,,,,,,,,,
7,1.584,917504,76658,83,8.43,0.024,8.39,,,2.84,-0.003,0.1947,0.0066,0.077,,,,,,,,,,,,,
8,1.613,1048576,75719,58,8.84,0.0,8.59,,,2.839,-0.0027,0.1521,0.0064,0.07,,,,,,,,,,,,,
9,1.642,1179648,76173,69,9.27,0.014,8.42,,,2.864,-0.0024,0.1729,0.006,0.075,,,,,,,,,,,,,
10,1.67,1310720,76171,78,11.2,0.013,8.37,,,2.839,-0.0026,0.1984,0.0067,0.072,,,,,,,,,,,,,
11,1.703,1441792,66334,84,10.24,0.012,8.63,0.444,0.556,2.84,-0.0025,0.2136,0.0061,0.071,,,,,,,,,,,,,
12,1.736,1572864,66787,73,10.81,0.0,8.4,0.429,0.571,2.861,-0.0025,0.1742,0.0059,0.069,,,,,,,,,,,,,
13,1.769,1703936,66557,57,11.52,0.018,8.42,0.778,0.222,2.87,-0.0022,0.1545,0.0062,0.068,,,,,,,,,,,,,
14,1.801,1835008,67156,71,12.24,0.0,8.38,0.714,0.286,2.856,-0.0024,0.1752,0.0067,0.073,,,,,,,,,,,,,
15,1.834,1966080,67438,67,11.91,0.015,8.7,0.706,0.294,2.868,-0.003,0.1758,0.006,0.065,,,,,,,,,,,,,
16,1.867,2097152,66528,56,12.2,0.0,8.41,0.462,0.538,2.872,-0.0028,0.1541,0.0055,0.064,,,,,,,,,,,,,
17,1.904,2228224,58369,82,12.77,0.0,8.48,0.65,0.35,2.854,-0.0029,0.1848,0.0067,0.071,,,,,,,,,,,,,
18,1.937,2359296,66350,67,15.69,0.015,8.34,0.588,0.412,2.856,-0.0031,0.1659,0.006,0.065,,,,,,,,,,,,,
19,1.969,2490368,67158,60,13.97,0.0,8.65,0.556,0.444,2.861,-0.0025,0.1619,0.0063,0.076,,,,,,,,,,,,,
20,2.002,2621440,66635,78,14.21,0.051,8.53,0.6,0.4,2.852,-0.0025,0.1798,0.0066,0.07,,,,,,,,,,,,,
21,2.035,2752512,66410,79,15.15,0.013,8.58,0.476,0.476,2.881,-0.0024,0.1809,0.0068,0.078,,,,,,,,,,,,,
22,2.069,2883584,65079,64,13.1,0.0,8.36,0.75,0.25,2.888,-0.0026,0.1707,0.0064,0.073,,,,,,,,,,,,,
23,2.102,3014656,65242,76,13.56,0.066,8.5,0.615,0.385,2.868,-0.003,0.1806,0.0063,0.067,,,,,,,,,,,,,
24,2.135,3145728,65919,68,12.02,0.044,8.65,0.588,0.353,2.876,-0.0029,0.1517,0.0059,0.07,,,,,,,,,,,,,
25,2.171,3276800,60844,63,16.03,0.016,8.46,0.75,0.25,2.87,-0.0024,0.1472,0.0067,0.071,,,,,,,,,,,,,
26,2.205,3407872,65322,63,14.61,0.048,8.46,0.733,0.2,2.867,-0.0027,0.1534,0.0059,0.067,,,,,,,,,,,,,
27,2.237,3538944,68646,57,15.57,0.018,8.51,0.364,0.545,2.84,-0.0024,0.1438,0.0059,0.068,,,,,,,,,,,,,
28,2.268,3670016,68703,69,12.87,0.0,8.57,0.615,0.385,2.851,-0.0023,0.1723,0.006,0.062,,,,,,,,,,,,,
29,2.303,3801088,63560,92,30.08,0.359,5.97,0.263,0.368,2.864,-0.0026,0.1521,0.0067,0.073,,,,,,,,,,,,,
30,2.34,3932160,58104,59,17.69,0.085,7.75,0.333,0.444,2.824,-0.0026,0.1415,0.006,0.065,,,,,,,,,,,,,
31,2.377,4063232,60055,70,17.45,0.143,8.0,0.444,0.333,2.808,-0.0028,0.1499,0.0061,0.071,,,,,,,,,,,,,
32,2.409,4194304,67668,69,19.61,0.116,7.65,0.588,0.412,2.824,-0.0027,0.1462,0.0068,0.075,,,,,,,,,,,,,
33,2.441,4325376,68244,65,17.18,0.092,8.12,0.583,0.417,2.84,-0.0023,0.1509,0.0063,0.065,,,,,,,,,,,,,
34,2.474,4456448,66720,71,17.11,0.099,7.89,0.688,0.188,2.831,-0.0024,0.1395,0.006,0.071,,,,,,,,,,,,,
35,2.506,4587520,68777,73,16.8,0.096,7.9,0.455,0.5,2.823,-0.0029,0.1326,0.0058,0.071,,,,,,,,,,,,,
36,2.538,4718592,67141,55,15.84,0.036,8.02,0.5,0.5,2.801,-0.0029,0.1393,0.0059,0.065,,,,,,,,,,,,,
37,2.571,4849664,66882,65,17.26,0.031,8.14,0.364,0.455,2.816,-0.0025,0.1411,0.0057,0.065,,,,,,,,,,,,,
38,2.612,4980736,53617,57,17.03,0.088,8.12,0.5,0.5,2.827,-0.0025,0.1227,0.0064,0.072,,,,,,,,,,,,,
39,2.647,5111808,61994,49,17.7,0.102,8.33,0.6,0.3,2.805,-0.0021,0.1184,0.0057,0.059,,,,,,,,,,,,,
40,2.681,5242880,64714,59,16.71,0.034,8.1,0.75,0.25,2.801,-0.0023,0.1243,0.0056,0.063,,,,,,,,,,,,,
41,2.714,5373952,65816,50,16.56,0.06,8.1,0.727,0.182,2.818,-0.0024,0.0973,0.0066,0.067,,,,,,,,,,,,,
42,2.747,5505024,65761,46,18.78,0.065,8.22,0.875,0.125,2.819,-0.0023,0.1108,0.0069,0.079,,,,,,,,,,,,,
43,2.781,5636096,64832,55,18.25,0.073,8.44,0.7,0.3,2.853,-0.0021,0.1217,0.0058,0.067,,,,,,,,,,,,,
44,2.813,5767168,67437,52,18.92,0.135,8.02,0.588,0.353,2.857,-0.0025,0.1017,0.0064,0.069,,,,,,,,,,,,,
45,2.847,5898240,65279,67,20.01,0.104,7.87,0.786,0.143,2.841,-0.0027,0.1506,0.0062,0.073,,,,,,,,,,,,,
46,2.882,6029312,62498,41,22.52,0.171,7.49,0.6,0.1,2.833,-0.0024,0.0814,0.0065,0.077,,,,,,,,,,,,,
47,2.92,6160384,56625,32,16.6,0.062,8.16,0.333,0.667,2.808,-0.003,0.0852,0.0059,0.068,,,,,,,,,,,,,
48,2.957,6291456,58642,47,22.41,0.128,7.62,0.562,0.375,2.82,-0.0027,0.0856,0.0063,0.066,,,,,,,,,,,,,
49,2.991,6422528,65202,51,23.59,0.098,7.65,0.706,0.235,2.823,-0.0026,0.0905,0.0061,0.07,,,,,,,,,,,,,
50,4.203,6553600,65815,25,22.02,0.08,7.8,0.5,0.5,2.829,-0.0027,0.0753,0.0067,0.068,0.96,0.0,0.735,,,,0.737,0.905,0.03,0.795,0.73,0.165,0.889
51,4.238,6684672,61255,39,23.67,0.103,7.85,0.429,0.429,2.818,-0.0026,0.0865,0.0058,0.067,,,,,,,,,,,,,
52,4.271,6815744,65839,51,21.48,0.078,7.9,0.643,0.286,2.817,-0.0032,0.0905,0.0059,0.065,,,,,,,,,,,,,
53,4.304,6946816,66216,37,24.01,0.108,7.78,0.7,0.2,2.809,-0.0025,0.0803,0.0062,0.072,,,,,,,,,,,,,
54,4.338,7077888,64428,47,24.39,0.043,7.49,0.786,0.143,2.811,-0.003,0.0808,0.0062,0.069,,,,,,,,,,,,,
55,4.372,7208960,64949,45,23.29,0.067,7.8,0.4,0.5,2.826,-0.0028,0.089,0.0062,0.071,,,,,,,,,,,,,
56,4.404,7340032,67453,39,28.31,0.154,7.26,0.6,0.267,2.818,-0.0028,0.0867,0.0062,0.068,,,,,,,,,,,,,
57,4.437,7471104,66513,44,21.11,0.023,8.41,0.692,0.308,2.812,-0.0026,0.0895,0.0059,0.065,,,,,,,,,,,,,
58,4.473,7602176,60921,43,26.32,0.07,7.79,0.714,0.286,2.807,-0.0024,0.0954,0.0062,0.067,,,,,,,,,,,,,
59,4.508,7733248,62006,46,28.89,0.13,7.52,0.667,0.333,2.8,-0.0022,0.0925,0.0066,0.081,,,,,,,,,,,,,
60,4.541,7864320,66044,57,25.7,0.053,7.79,0.438,0.562,2.811,-0.003,0.1011,0.0061,0.068,,,,,,,,,,,,,
61,4.574,7995392,67298,50,23.18,0.1,7.72,0.714,0.143,2.781,-0.003,0.114,0.0059,0.069,,,,,,,,,,,,,
62,4.607,8126464,65747,53,22.06,0.038,7.45,0.933,0.067,2.772,-0.0025,0.0902,0.0063,0.069,,,,,,,,,,,,,
63,4.64,8257536,66929,51,25.75,0.137,7.8,0.75,0.083,2.79,-0.0025,0.1114,0.0069,0.08,,,,,,,,,,,,,
64,4.672,8388608,68588,47,28.93,0.106,7.43,0.556,0.333,2.772,-0.0027,0.09,0.0056,0.056,,,,,,,,,,,,,
65,4.705,8519680,64954,42,27.4,0.119,7.43,0.5,0.5,2.763,-0.003,0.0962,0.0066,0.074,,,,,,,,,,,,,
66,4.739,8650752,64334,48,21.51,0.083,7.94,0.889,0.111,2.788,-0.0029,0.1092,0.0062,0.07,,,,,,,,,,,,,
67,4.774,8781824,62686,50,23.2,0.1,7.84,0.636,0.364,2.788,-0.0027,0.1033,0.0053,0.062,,,,,,,,,,,,,
68,4.81,8912896,60579,46,19.79,0.022,7.89,0.714,0.286,2.787,-0.003,0.1053,0.0054,0.063,,,,,,,,,,,,,
69,4.842,9043968,68265,47,21.34,0.043,7.72,0.462,0.462,2.758,-0.0027,0.0997,0.006,0.068,,,,,,,,,,,,,
70,4.874,9175040,68941,45,24.08,0.133,7.69,0.333,0.556,2.771,-0.003,0.081,0.0062,0.067,,,,,,,,,,,,,
71,4.906,9306112,68031,40,22.29,0.1,7.72,0.857,0.143,2.764,-0.0024,0.0931,0.0062,0.066,,,,,,,,,,,,,
72,4.939,9437184,66586,44,20.47,0.114,7.89,0.75,0.167,2.768,-0.0024,0.0936,0.0074,0.08,,,,,,,,,,,,,
73,4.97,9568256,69110,38,27.42,0.158,7.03,0.556,0.333,2.785,-0.003,0.0777,0.0064,0.077,,,,,,,,,,,,,
74,5.002,9699328,68963,32,27.44,0.188,7.19,0.375,0.375,2.767,-0.0029,0.0664,0.0062,0.069,,,,,,,,,,,,,
75,5.037,9830400,62289,34,31.61,0.176,6.85,0.6,0.4,2.757,-0.003,0.0644,0.0065,0.074,,,,,,,,,,,,,
76,5.075,9961472,57708,28,24.85,0.036,7.57,0.8,0.2,2.751,-0.0028,0.06,0.0058,0.065,,,,,,,,,,,,,
77,5.11,10092544,61858,36,24.41,0.167,7.44,0.545,0.273,2.755,-0.003,0.0852,0.0064,0.071,,,,,,,,,,,,,
78,5.142,10223616,69424,36,27.1,0.028,7.78,0.6,0.4,2.763,-0.0023,0.0604,0.0061,0.07,,,,,,,,,,,,,
79,5.179,10354688,58478,24,31.26,0.208,7.38,0.556,0.222,2.759,-0.0032,0.0595,0.0068,0.078,,,,,,,,,,,,,
80,5.213,10485760,64024,28,32.52,0.25,6.79,0.667,0.333,2.762,-0.0026,0.0557,0.007,0.079,,,,,,,,,,,,,
81,5.245,10616832,69122,33,30.79,0.152,7.12,0.7,0.3,2.766,-0.0028,0.0589,0.0061,0.07,,,,,,,,,,,,,
82,5.278,10747904,67284,21,26.59,0.0,7.52,0.667,0.333,2.77,-0.0028,0.0536,0.0063,0.071,,,,,,,,,,,,,
83,5.316,10878976,57040,29,32.41,0.172,7.34,0.667,0.25,2.776,-0.0027,0.0558,0.007,0.083,,,,,,,,,,,,,
84,5.35,11010048,63949,40,32.12,0.05,7.6,0.375,0.5,2.792,-0.0022,0.0653,0.0066,0.074,,,,,,,,,,,,,
85,5.384,11141120,64800,30,30.96,0.1,7.83,0.692,0.231,2.778,-0.0027,0.0754,0.0075,0.086,,,,,,,,,,,,,
86,5.417,11272192,65639,32,28.25,0.062,7.66,0.6,0.4,2.778,-0.0032,0.0653,0.0058,0.068,,,,,,,,,,,,,
87,5.452,11403264,62516,31,33.1,0.129,7.42,0.667,0.333,2.768,-0.0032,0.0503,0.0067,0.074,,,,,,,,,,,,,
88,5.486,11534336,64702,29,32.71,0.207,6.79,0.6,0.2,2.767,-0.0026,0.0553,0.0063,0.073,,,,,,,,,,,,,
89,5.52,11665408,63129,28,31.47,0.143,7.93,0.778,0.222,2.784,-0.0027,0.0535,0.0066,0.078,,,,,,,,,,,,,
90,5.555,11796480,63233,36,39.47,0.278,6.78,0.583,0.083,2.776,-0.003,0.0545,0.0067,0.075,,,,,,,,,,,,,
91,5.589,11927552,64415,38,34.35,0.289,6.92,0.75,0.125,2.765,-0.003,0.0714,0.0062,0.069,,,,,,,,,,,,,
92,5.622,12058624,65847,39,29.53,0.128,7.1,0.778,0.222,2.741,-0.0027,0.0746,0.007,0.072,,,,,,,,,,,,,
93,5.655,12189696,67009,35,35.06,0.171,7.51,0.5,0.5,2.764,-0.0024,0.0689,0.0081,0.089,,,,,,,,,,,,,
94,5.688,12320768,64813,48,30.28,0.167,6.94,0.812,0.188,2.775,-0.0025,0.0668,0.007,0.086,,,,,,,,,,,,,
95,5.731,12451840,51465,32,31.91,0.094,7.97,1.0,0.0,2.772,-0.0029,0.0626,0.0073,0.078,,,,,,,,,,,,,
96,5.775,12582912,49060,30,30.13,0.167,7.43,0.778,0.222,2.798,-0.0027,0.0533,0.0062,0.068,,,,,,,,,,,,,
97,5.817,12713984,52789,32,34.13,0.188,7.22,0.667,0.333,2.787,-0.0029,0.0449,0.0068,0.074,,,,,,,,,,,,,
98,5.864,12845056,46115,30,36.89,0.3,6.33,0.75,0.125,2.774,-0.0026,0.0629,0.0059,0.072,,,,,,,,,,,,,
99,5.898,12976128,63658,46,33.89,0.196,7.39,0.846,0.154,2.778,-0.0028,0.0754,0.0056,0.069,,,,,,,,,,,,,
100,7.239,13107200,66902,38,33.07,0.158,7.32,1.0,0.0,2.764,-0.0031,0.0618,0.0062,0.074,0.925,0.0,0.82,,,,0.799,0.95,0.025,0.806,0.78,0.125,0.936
101,7.288,13238272,45329,26,28.59,0.154,7.42,0.667,0.333,2.755,-0.003,0.0644,0.0065,0.076,,,,,,,,,,,,,
102,7.329,13369344,53146,29,33.78,0.172,6.93,0.286,0.714,2.75,-0.0023,0.0482,0.0058,0.069,,,,,,,,,,,,,
103,7.381,13500416,42258,25,32.19,0.12,7.2,0.571,0.429,2.747,-0.0023,0.0443,0.0073,0.081,,,,,,,,,,,,,
104,7.431,13631488,43131,25,35.9,0.28,7.0,0.75,0.25,2.731,-0.0028,0.0562,0.0061,0.07,,,,,,,,,,,,,
105,7.467,13762560,61535,37,34.61,0.243,6.84,0.833,0.083,2.732,-0.0028,0.0552,0.0071,0.082,,,,,,,,,,,,,
106,7.506,13893632,55813,35,38.56,0.257,6.91,0.857,0.143,2.742,-0.0028,0.0751,0.0065,0.075,,,,,,,,,,,,,
107,7.557,14024704,43165,35,32.68,0.229,7.37,0.333,0.417,2.732,-0.0023,0.0578,0.0066,0.076,,,,,,,,,,,,,
108,7.602,14155776,48093,29,29.71,0.138,7.03,0.429,0.429,2.75,-0.0029,0.0647,0.0064,0.068,,,,,,,,,,,,,
109,7.642,14286848,54207,30,34.94,0.2,7.9,0.667,0.333,2.737,-0.0026,0.0789,0.0058,0.061,,,,,,,,,,,,,
110,7.687,14417920,48621,27,35.3,0.222,6.89,0.75,0.25,2.742,-0.0029,0.0689,0.0058,0.06,,,,,,,,,,,,,
111,7.73,14548992,50774,40,35.56,0.15,7.35,0.583,0.25,2.755,-0.0028,0.0795,0.0059,0.068,,,,,,,,,,,,,
112,7.774,14680064,49571,39,30.46,0.128,7.23,0.286,0.714,2.768,-0.003,0.0621,0.0063,0.068,,,,,,,,,,,,,
113,7.809,14811136,62374,31,35.18,0.161,7.35,0.25,0.5,2.774,-0.0028,0.0628,0.0062,0.072,,,,,,,,,,,,,
114,7.845,14942208,61788,36,34.12,0.139,7.44,0.5,0.375,2.761,-0.0027,0.0663,0.0054,0.061,,,,,,,,,,,,,
115,7.879,15073280,63878,39,30.71,0.154,7.46,0.818,0.091,2.74,-0.0033,0.0869,0.0062,0.07,,,,,,,,,,,,,
116,7.913,15204352,64196,44,29.24,0.136,6.89,0.8,0.1,2.747,-0.0022,0.0764,0.0057,0.066,,,,,,,,,,,,,
117,7.946,15335424,65828,36,31.09,0.056,7.72,0.917,0.083,2.75,-0.0027,0.0779,0.0063,0.069,,,,,,,,,,,,,
118,7.98,15466496,64613,38,35.69,0.184,7.42,0.5,0.25,2.739,-0.0026,0.0781,0.0064,0.075,,,,,,,,,,,,,
119,8.013,15597568,66034,42,26.38,0.0,8.1,0.714,0.286,2.756,-0.0027,0.0672,0.0059,0.06,,,,,,,,,,,,,
120,8.047,15728640,64193,35,29.44,0.114,7.74,0.636,0.182,2.76,-0.0025,0.0712,0.0067,0.078,,,,,,,,,,,,,
121,8.083,15859712,60405,38,37.22,0.237,7.29,0.8,0.2,2.771,-0.0031,0.0711,0.0061,0.064,,,,,,,,,,,,,
122,8.116,15990784,66524,49,33.75,0.204,6.63,0.6,0.4,2.764,-0.0026,0.0905,0.0064,0.071,,,,,,,,,,,,,
123,8.149,16121856,66019,41,28.98,0.098,7.8,0.636,0.364,2.767,-0.0023,0.0769,0.0064,0.071,,,,,,,,,,,,,
124,8.183,16252928,64242,48,30.14,0.104,8.12,0.444,0.5,2.784,-0.0024,0.0915,0.0059,0.069,,,,,,,,,,,,,
125,8.22,16384000,60111,38,26.5,0.053,7.42,0.5,0.5,2.788,-0.0032,0.0605,0.0063,0.072,,,,,,,,,,,,,
126,8.267,16515072,45982,41,27.36,0.049,7.88,0.5,0.5,2.784,-0.0029,0.0792,0.0068,0.07,,,,,,,,,,,,,
127,8.304,16646144,59385,40,27.6,0.1,8.18,0.6,0.4,2.781,-0.0025,0.0835,0.0061,0.071,,,,,,,,,,,,,
128,8.338,16777216,63562,41,28.36,0.049,7.63,0.625,0.375,2.776,-0.0029,0.0816,0.006,0.067,,,,,,,,,,,,,
129,8.371,16908288,65995,36,22.18,0.056,7.92,0.625,0.375,2.78,-0.0026,0.0708,0.0062,0.067,,,,,,,,,,,,,
130,8.409,17039360,58808,31,27.49,0.032,7.74,0.5,0.5,2.786,-0.0033,0.0627,0.0058,0.068,,,,,,,,,,,,,
131,8.442,17170432,66161,45,25.78,0.022,7.8,0.625,0.375,2.774,-0.003,0.0945,0.0064,0.075,,,,,,,,,,,,,
132,8.479,17301504,58244,43,29.04,0.07,7.84,0.571,0.286,2.767,-0.0028,0.091,0.0066,0.068,,,,,,,,,,,,,
133,8.514,17432576,61876,38,29.65,0.132,7.92,0.8,0.2,2.769,-0.0024,0.0689,0.0062,0.07,,,,,,,,,,,,,
134,8.546,17563648,68573,46,25.21,0.087,8.13,0.636,0.364,2.782,-0.0025,0.0831,0.0063,0.068,,,,,,,,,,,,,
135,8.578,17694720,69888,24,30.16,0.167,7.58,0.556,0.222,2.792,-0.0025,0.0518,0.0058,0.063,,,,,,,,,,,,,
136,8.61,17825792,68510,31,26.59,0.032,7.81,0.25,0.5,2.771,-0.0028,0.0704,0.0067,0.071,,,,,,,,,,,,,
137,8.646,17956864,60228,44,26.35,0.045,7.84,0.864,0.136,2.758,-0.003,0.0718,0.0058,0.066,,,,,,,,,,,,,
138,8.681,18087936,62562,49,25.4,0.102,7.57,0.833,0.111,2.749,-0.0031,0.097,0.0065,0.078,,,,,,,,,,,,,
139,8.716,18219008,62670,42,27.92,0.095,7.45,0.778,0.111,2.764,-0.0033,0.0763,0.0062,0.074,,,,,,,,,,,,,
140,8.748,18350080,66751,35,27.46,0.029,8.09,0.875,0.125,2.772,-0.0032,0.0883,0.0065,0.075,,,,,,,,,,,,,
141,8.78,18481152,68510,28,26.31,0.036,7.68,0.75,0.25,2.755,-0.0028,0.093,0.0062,0.075,,,,,,,,,,,,,
142,8.815,18612224,62254,29,26.21,0.103,7.03,0.75,0.25,2.775,-0.0025,0.0554,0.008,0.09,,,,,,,,,,,,,
143,8.848,18743296,66807,42,26.28,0.048,7.64,0.917,0.083,2.759,-0.0029,0.0686,0.0056,0.067,,,,,,,,,,,,,
144,8.887,18874368,56733,41,27.72,0.195,7.44,0.688,0.188,2.773,-0.0027,0.0725,0.0062,0.069,,,,,,,,,,,,,
145,8.92,19005440,65680,33,32.1,0.152,6.88,0.375,0.625,2.776,-0.0029,0.0618,0.0066,0.079,,,,,,,,,,,,,
146,8.951,19136512,70179,19,33.55,0.105,7.26,0.8,0.2,2.784,-0.0027,0.0413,0.0054,0.059,,,,,,,,,,,,,
147,8.982,19267584,69485,39,34.04,0.231,6.56,0.625,0.25,2.775,-0.0027,0.0571,0.0073,0.083,,,,,,,,,,,,,
148,9.015,19398656,66741,31,33.63,0.097,7.29,0.857,0.143,2.797,-0.0032,0.0567,0.0063,0.073,,,,,,,,,,,,,
149,9.047,19529728,67970,21,25.8,0.19,7.62,0.857,0.143,2.776,-0.0025,0.0582,0.0055,0.067,,,,,,,,,,,,,
150,10.615,19660800,69157,30,33.49,0.133,7.93,0.571,0.286,2.759,-0.0031,0.0649,0.0061,0.071,0.955,0.005,0.723,,,,0.752,0.915,0.045,0.783,0.735,0.135,0.903
151,10.658,19791872,51624,34,36.67,0.206,7.32,0.909,0.091,2.742,-0.0022,0.0614,0.0057,0.066,,,,,,,,,,,,,
152,10.697,19922944,55214,43,29.92,0.07,7.81,0.8,0.2,2.772,-0.0026,0.0794,0.0068,0.079,,,,,,,,,,,,,
153,10.743,20054016,48160,42,28.37,0.143,7.43,0.714,0.214,2.767,-0.0027,0.076,0.0065,0.065,,,,,,,,,,,,,
154,10.79,20185088,46302,38,31.44,0.158,6.92,0.833,0.167,2.771,-0.0028,0.0697,0.0056,0.064,,,,,,,,,,,,,
155,10.833,20316160,50436,35,26.56,0.0,7.4,1.0,0.0,2.766,-0.003,0.072,0.0064,0.07,,,,,,,,,,,,,
156,10.874,20447232,53280,40,34.09,0.125,7.88,0.429,0.571,2.797,-0.0027,0.0721,0.0062,0.072,,,,,,,,,,,,,
157,10.923,20578304,44843,29,28.35,0.103,7.52,0.333,0.5,2.791,-0.0026,0.0514,0.0058,0.062,,,,,,,,,,,,,
158,10.965,20709376,51902,33,36.27,0.242,7.27,0.333,0.667,2.79,-0.003,0.0827,0.0065,0.074,,,,,,,,,,,,,
159,11.002,20840448,58391,40,32.41,0.15,7.25,0.8,0.2,2.788,-0.0026,0.0742,0.0063,0.069,,,,,,,,,,,,,
160,11.039,20971520,60447,31,37.3,0.258,6.55,0.833,0.167,2.785,-0.003,0.0463,0.0055,0.071,,,,,,,,,,,,,
161,11.076,21102592,57691,36,31.4,0.139,7.14,0.769,0.154,2.775,-0.0028,0.0654,0.0059,0.07,,,,,,,,,,,,,
162,11.11,21233664,64556,30,33.05,0.2,7.2,0.857,0.143,2.769,-0.0026,0.0511,0.007,0.077,,,,,,,,,,,,,
163,11.144,21364736,64533,36,31.29,0.083,7.78,0.75,0.25,2.776,-0.0029,0.0683,0.0061,0.066,,,,,,,,,,,,,
164,11.179,21495808,62989,30,31.11,0.1,7.8,0.818,0.091,2.784,-0.0026,0.062,0.0057,0.059,,,,,,,,,,,,,
165,11.216,21626880,58120,32,24.74,0.125,7.44,0.667,0.2,2.78,-0.0026,0.062,0.006,0.07,,,,,,,,,,,,,
166,11.258,21757952,52656,36,28.04,0.139,7.42,0.714,0.286,2.773,-0.0029,0.0667,0.0058,0.066,,,,,,,,,,,,,
167,11.292,21889024,63686,38,34.49,0.184,7.11,0.889,0.0,2.781,-0.0025,0.0669,0.007,0.07,,,,,,,,,,,,,
168,11.331,22020096,56082,39,31.86,0.179,6.97,0.846,0.077,2.78,-0.0028,0.0822,0.0058,0.071,,,,,,,,,,,,,
169,11.365,22151168,64074,29,31.22,0.138,7.28,0.75,0.25,2.792,-0.0026,0.0708,0.0061,0.063,,,,,,,,,,,,,
170,11.399,22282240,65800,37,32.7,0.162,7.68,0.625,0.25,2.804,-0.0028,0.0668,0.006,0.064,,,,,,,,,,,,,
171,11.431,22413312,66916,35,32.49,0.143,7.34,0.6,0.4,2.79,-0.0031,0.0658,0.006,0.069,,,,,,,,,,,,,
172,11.464,22544384,65782,30,31.67,0.233,6.17,0.7,0.3,2.775,-0.0032,0.0579,0.0053,0.061,,,,,,,,,,,,,
173,11.499,22675456,63758,37,31.88,0.108,7.43,0.778,0.222,2.779,-0.0028,0.0857,0.0065,0.072,,,,,,,,,,,,,
174,11.532,22806528,65491,38,28.71,0.079,7.82,0.467,0.533,2.763,-0.0025,0.0773,0.0058,0.061,,,,,,,,,,,,,
175,11.569,22937600,58387,30,28.32,0.067,7.63,0.857,0.143,2.726,-0.0032,0.0671,0.0055,0.059,,,,,,,,,,,,,
176,11.604,23068672,62849,51,34.58,0.098,7.35,0.833,0.167,2.759,-0.003,0.0762,0.0062,0.071,,,,,,,,,,,,,
177,11.636,23199744,69490,27,32.88,0.185,7.63,0.6,0.3,2.752,-0.0026,0.0499,0.0063,0.073,,,,,,,,,,,,,
178,11.668,23330816,66608,33,32.56,0.212,7.39,0.778,0.111,2.758,-0.0031,0.058,0.006,0.073,,,,,,,,,,,,,
179,11.701,23461888,67993,23,31.85,0.217,7.7,0.667,0.167,2.742,-0.0027,0.06,0.0056,0.064,,,,,,,,,,,,,
180,11.733,23592960,68231,32,30.45,0.094,7.25,0.667,0.333,2.752,-0.0025,0.0808,0.0061,0.073,,,,,,,,,,,,,
181,11.766,23724032,66018,40,29.44,0.175,7.2,1.0,0.0,2.783,-0.0027,0.053,0.0051,0.056,,,,,,,,,,,,,
182,11.803,23855104,59154,49,31.37,0.204,7.43,0.7,0.25,2.787,-0.003,0.0872,0.0056,0.061,,,,,,,,,,,,,
183,11.851,23986176,45170,35,27.64,0.114,7.74,0.75,0.25,2.783,-0.0029,0.0824,0.0053,0.058,,,,,,,,,,,,,
184,11.897,24117248,47628,43,28.35,0.163,7.3,0.5,0.3,2.766,-0.0027,0.0913,0.0056,0.07,,,,,,,,,,,,,
185,11.939,24248320,51855,37,36.35,0.162,7.22,0.5,0.5,2.766,-0.0031,0.0701,0.0055,0.057,,,,,,,,,,,,,
186,11.987,24379392,45581,48,29.04,0.146,7.58,0.714,0.214,2.775,-0.0028,0.0775,0.0063,0.075,,,,,,,,,,,,,
187,12.027,24510464,54049,33,28.29,0.121,7.88,0.75,0.25,2.792,-0.0028,0.0739,0.0053,0.06,,,,,,,,,,,,,
188,12.075,24641536,45539,36,30.15,0.194,7.36,0.556,0.333,2.784,-0.0029,0.0643,0.0061,0.069,,,,,,,,,,,,,
189,12.123,24772608,46006,33,24.34,0.061,8.39,0.692,0.308,2.78,-0.0027,0.0796,0.0068,0.071,,,,,,,,,,,,,
190,12.176,24903680,41280,40,26.83,0.125,8.18,0.571,0.429,2.796,-0.003,0.0747,0.0059,0.063,,,,,,,,,,,,,
191,12.215,25034752,56151,33,23.45,0.03,8.3,0.714,0.286,2.805,-0.0032,0.0723,0.0061,0.071,,,,,,,,,,,,,
192,12.251,25165824,60672,44,30.67,0.182,7.55,0.545,0.364,2.803,-0.0029,0.0873,0.0061,0.064,,,,,,,,,,,,,
193,12.3,25296896,44337,31,31.96,0.161,7.71,0.167,0.667,2.82,-0.0032,0.0637,0.0067,0.078,,,,,,,,,,,,,
194,12.351,25427968,42826,39,33.54,0.128,7.85,0.7,0.3,2.82,-0.0026,0.0798,0.0064,0.073,,,,,,,,,,,,,
195,12.402,25559040,42939,40,27.78,0.1,8.03,0.8,0.2,2.847,-0.0026,0.077,0.0064,0.072,,,,,,,,,,,,,
196,12.452,25690112,43589,39,28.93,0.128,7.59,0.75,0.167,2.833,-0.0033,0.0916,0.0058,0.067,,,,,,,,,,,,,
197,12.505,25821184,41075,50,26.53,0.12,8.06,0.846,0.154,2.843,-0.0024,0.0864,0.0054,0.058,,,,,,,,,,,,,
198,12.554,25952256,44772,37,30.59,0.162,7.38,0.818,0.182,2.869,-0.0031,0.0594,0.0064,0.073,,,,,,,,,,,,,
199,12.604,26083328,43627,26,31.88,0.192,8.35,1.0,0.0,2.853,-0.003,0.0733,0.0064,0.068,,,,,,,,,,,,,
200,14.128,26214400,38966,36,30.89,0.139,7.78,0.667,0.333,2.86,-0.0028,0.062,0.006,0.062,0.915,0.04,0.763,,,,0.761,0.925,0.05,0.754,0.795,0.155,0.879
201,14.168,26345472,54928,28,32.99,0.286,6.46,0.571,0.286,2.862,-0.003,0.0448,0.0056,0.062,,,,,,,,,,,,,
202,14.206,26476544,57240,44,27.73,0.068,7.8,0.75,0.2,2.853,-0.003,0.0696,0.0062,0.067,,,,,,,,,,,,,
203,14.255,26607616,44960,23,31.44,0.174,7.52,0.75,0.25,2.853,-0.0032,0.049,0.0064,0.077,,,,,,,,,,,,,
204,14.306,26738688,42859,26,31.56,0.192,7.5,0.625,0.25,2.859,-0.0025,0.0528,0.0057,0.066,,,,,,,,,,,,,
205,14.354,26869760,45378,39,32.1,0.128,7.46,0.545,0.273,2.853,-0.0028,0.0768,0.005,0.056,,,,,,,,,,,,,
206,14.403,27000832,45121,52,30.02,0.058,8.08,0.846,0.154,2.863,-0.0026,0.0943,0.0055,0.06,,,,,,,,,,,,,
207,14.445,27131904,51154,27,31.04,0.074,8.07,0.8,0.2,2.867,-0.0027,0.0599,0.0064,0.071,,,,,,,,,,,,,
208,14.484,27262976,55969,38,26.02,0.053,7.74,0.6,0.2,2.858,-0.0029,0.0755,0.0062,0.069,,,,,,,,,,,,,
209,14.534,27394048,44204,41,37.07,0.293,6.44,0.4,0.5,2.875,-0.0024,0.0689,0.0055,0.065,,,,,,,,,,,,,
210,14.569,27525120,62739,34,30.39,0.118,7.91,0.6,0.2,2.868,-0.0026,0.0806,0.0056,0.06,,,,,,,,,,,,,
211,14.603,27656192,64025,37,30.45,0.108,8.03,0.8,0.0,2.86,-0.0027,0.077,0.0057,0.055,,,,,,,,,,,,,
212,14.64,27787264,59289,50,29.65,0.16,7.56,0.444,0.444,2.871,-0.003,0.0781,0.0061,0.062,,,,,,,,,,,,,
213,14.674,27918336,63968,19,34.98,0.211,7.42,0.857,0.143,2.871,-0.003,0.0419,0.0055,0.066,,,,,,,,,,,,,
214,14.707,28049408,65039,34,29.32,0.147,7.53,0.714,0.143,2.856,-0.0034,0.0486,0.0055,0.063,,,,,,,,,,,,,
215,14.741,28180480,65162,41,31.49,0.098,8.1,0.824,0.176,2.875,-0.0025,0.0774,0.005,0.053,,,,,,,,,,,,,
216,14.783,28311552,51923,33,28.73,0.061,7.94,0.75,0.25,2.871,-0.0025,0.0556,0.005,0.056,,,,,,,,,,,,,
217,14.819,28442624,59866,34,38.01,0.118,7.76,1.0,0.0,2.868,-0.0031,0.0709,0.0056,0.061,,,,,,,,,,,,,
218,14.858,28573696,55905,33,34.25,0.212,7.79,0.667,0.167,2.848,-0.0026,0.062,0.0058,0.061,,,,,,,,,,,,,
219,14.89,28704768,68779,42,28.29,0.048,7.6,0.786,0.214,2.848,-0.0029,0.0809,0.0056,0.059,,,,,,,,,,,,,
220,14.923,28835840,66998,34,29.51,0.059,7.62,0.8,0.2,2.876,-0.0026,0.075,0.0058,0.062,,,,,,,,,,,,,
221,14.955,28966912,69063,37,26.77,0.081,7.54,0.462,0.385,2.863,-0.0025,0.0672,0.0052,0.052,,,,,,,,,,,,,
222,14.986,29097984,68710,34,28.63,0.059,8.56,0.667,0.333,2.858,-0.0027,0.0594,0.006,0.063,,,,,,,,,,,,,
223,15.019,29229056,67031,32,31.46,0.188,8.12,0.625,0.25,2.841,-0.0028,0.0561,0.0053,0.061,,,,,,,,,,,,,
224,15.053,29360128,63730,31,31.24,0.097,7.61,0.8,0.1,2.849,-0.003,0.0588,0.0058,0.058,,,,,,,,,,,,,
225,15.094,29491200,53300,45,32.2,0.111,7.69,0.833,0.167,2.847,-0.0026,0.0702,0.0054,0.061,,,,,,,,,,,,,
226,15.128,29622272,64146,26,28.92,0.154,7.38,0.8,0.2,2.833,-0.0025,0.0637,0.0063,0.068,,,,,,,,,,,,,
227,15.161,29753344,66742,35,30.8,0.086,7.66,0.75,0.25,2.843,-0.0027,0.0682,0.006,0.066,,,,,,,,,,,,,
228,15.195,29884416,64574,38,31.99,0.079,7.58,0.222,0.778,2.838,-0.0027,0.08,0.0055,0.058,,,,,,,,,,,,,
229,15.229,30015488,63735,42,31.63,0.095,8.21,0.714,0.286,2.837,-0.003,0.0795,0.0057,0.062,,,,,,,,,,,,,
230,15.265,30146560,61026,41,34.02,0.146,7.49,0.5,0.25,2.839,-0.003,0.0661,0.0059,0.067,,,,,,,,,,,,,
231,15.302,30277632,59066,26,33.67,0.077,7.88,0.667,0.333,2.84,-0.0027,0.0557,0.0058,0.056,,,,,,,,,,,,,
232,15.336,30408704,63986,27,31.12,0.111,7.33,1.0,0.0,2.813,-0.0029,0.0581,0.0057,0.062,,,,,,,,,,,,,
233,15.371,30539776,63330,38,30.01,0.158,7.26,0.556,0.444,2.805,-0.0026,0.0685,0.0053,0.058,,,,,,,,,,,,,
234,15.407,30670848,59922,44,30.44,0.136,7.55,0.727,0.182,2.815,-0.0027,0.0766,0.0056,0.061,,,,,,,,,,,,,
235,15.443,30801920,61531,29,29.65,0.103,7.28,0.667,0.222,2.791,-0.0027,0.0586,0.0054,0.056,,,,,,,,,,,,,
236,15.477,30932992,63408,40,30.22,0.05,7.92,0.7,0.3,2.796,-0.0026,0.0693,0.0054,0.061,,,,,,,,,,,,,
237,15.513,31064064,60969,44,31.68,0.136,7.73,0.929,0.071,2.808,-0.0026,0.0828,0.0059,0.061,,,,,,,,,,,,,
238,15.548,31195136,61749,48,27.42,0.083,7.38,0.706,0.235,2.802,-0.0028,0.0651,0.0061,0.069,,,,,,,,,,,,,
239,15.587,31326208,55976,36,35.42,0.111,7.56,0.429,0.429,2.814,-0.0028,0.0646,0.0055,0.057,,,,,,,,,,,,,
240,15.625,31457280,58779,29,31.13,0.034,8.14,0.571,0.429,2.804,-0.0023,0.0649,0.0054,0.054,,,,,,,,,,,,,
241,15.661,31588352,59294,35,32.51,0.114,7.34,0.5,0.333,2.764,-0.003,0.0671,0.0057,0.066,,,,,,,,,,,,,
242,15.697,31719424,61694,39,33.15,0.103,7.44,0.667,0.222,2.772,-0.0022,0.0696,0.0066,0.069,,,,,,,,,,,,,
243,15.73,31850496,64869,42,28.02,0.095,7.83,0.636,0.273,2.768,-0.003,0.0776,0.0052,0.056,,,,,,,,,,,,,
244,15.763,31981568,66220,31,27.14,0.097,8.48,0.25,0.75,2.78,-0.0026,0.0654,0.0057,0.059,,,,,,,,,,,,,
245,15.796,32112640,66912,37,29.76,0.027,8.38,0.545,0.455,2.785,-0.0025,0.0642,0.005,0.049,,,,,,,,,,,,,
246,15.829,32243712,66029,27,24.77,0.037,7.85,0.5,0.5,2.791,-0.0029,0.052,0.0056,0.06,,,,,,,,,,,,,
247,15.863,32374784,65315,28,29.92,0.107,7.75,0.222,0.778,2.772,-0.003,0.0644,0.0052,0.048,,,,,,,,,,,,,
248,15.896,32505856,65782,35,30.18,0.057,7.89,0.667,0.333,2.767,-0.0027,0.0949,0.0057,0.06,,,,,,,,,,,,,
249,15.929,32636928,66387,44,25.48,0.091,8.05,0.412,0.353,2.768,-0.003,0.0888,0.0054,0.05,,,,,,,,,,,,,
250,17.116,32768000,66173,60,27.65,0.033,8.3,0.714,0.286,2.781,-0.0027,0.1072,0.0048,0.053,0.89,0.035,0.843,,,,0.798,0.93,0.05,0.692,0.8,0.14,0.87
251,17.16,32899072,49734,40,26.17,0.125,8.07,1.0,0.0,2.807,-0.0022,0.0854,0.0055,0.057,,,,,,,,,,,,,
252,17.194,33030144,65131,37,27.25,0.135,8.22,0.429,0.571,2.792,-0.0029,0.0735,0.0056,0.061,,,,,,,,,,,,,
253,17.227,33161216,66164,57,29.56,0.035,8.35,0.6,0.333,2.786,-0.003,0.1165,0.005,0.053,,,,,,,,,,,,,
254,17.261,33292288,64663,46,29.45,0.065,8.15,0.615,0.385,2.776,-0.0031,0.0829,0.0056,0.064,,,,,,,,,,,,,
255,17.294,33423360,65866,35,25.21,0.057,7.86,0.571,0.429,2.745,-0.0028,0.0608,0.0048,0.055,,,,,,,,,,,,,
256,17.326,33554432,68935,42,26.42,0.071,7.98,0.6,0.4,2.738,-0.0028,0.0708,0.0055,0.056,,,,,,,,,,,,,
257,17.358,33685504,68009,33,29.98,0.152,7.48,0.8,0.2,2.734,-0.0028,0.0726,0.0053,0.053,,,,,,,,,,,,,
258,17.391,33816576,65014,36,31.09,0.139,7.58,0.857,0.0,2.715,-0.0026,0.0829,0.005,0.055,,,,,,,,,,,,,
259,17.425,33947648,64321,36,26.22,0.083,8.03,0.9,0.1,2.727,-0.0028,0.0843,0.0055,0.057,,,,,,,,,,,,,
260,17.46,34078720,63337,33,28.82,0.091,7.85,0.333,0.667,2.74,-0.0028,0.0662,0.006,0.065,,,,,,,,,,,,,
261,17.491,34209792,69399,33,28.97,0.121,7.55,0.571,0.429,2.741,-0.0029,0.0601,0.0046,0.047,,,,,,,,,,,,,
262,17.525,34340864,65225,31,32.7,0.226,7.06,0.556,0.222,2.741,-0.0024,0.0635,0.0055,0.063,,,,,,,,,,,,,
263,17.559,34471936,64115,28,26.25,0.036,7.86,1.0,0.0,2.724,-0.0026,0.0662,0.0052,0.057,,,,,,,,,,,,,
264,17.591,34603008,68192,50,28.41,0.06,8.16,0.643,0.357,2.74,-0.0028,0.1068,0.0053,0.057,,,,,,,,,,,,,
265,17.624,34734080,66918,34,29.65,0.029,8.15,0.917,0.083,2.742,-0.0027,0.0619,0.0058,0.061,,,,,,,,,,,,,
266,17.657,34865152,64600,40,28.01,0.1,8.4,0.556,0.333,2.758,-0.0032,0.0889,0.006,0.062,,,,,,,,,,,,,
267,17.696,34996224,56669,31,29.46,0.065,8.03,0.4,0.6,2.752,-0.003,0.0645,0.0057,0.063,,,,,,,,,,,,,
268,17.735,35127296,55410,38,31.97,0.158,7.53,0.5,0.25,2.739,-0.0031,0.0703,0.0054,0.055,,,,,,,,,,,,,
269,17.767,35258368,68234,39,28.16,0.077,8.26,0.667,0.333,2.748,-0.0033,0.0835,0.0056,0.063,,,,,,,,,,,,,
270,17.8,35389440,67508,34,32.49,0.118,7.62,0.4,0.4,2.737,-0.0028,0.0666,0.0055,0.061,,,,,,,,,,,,,
271,17.832,35520512,67269,38,34.07,0.105,7.87,0.8,0.1,2.754,-0.0028,0.0593,0.0063,0.064,,,,,,,,,,,,,
272,17.87,35651584,58465,31,29.27,0.097,8.45,0.5,0.375,2.741,-0.0025,0.0779,0.0051,0.058,,,,,,,,,,,,,
273,17.902,35782656,66684,42,27.69,0.0,8.24,0.667,0.333,2.745,-0.0026,0.0806,0.0047,0.052,,,,,,,,,,,,,
274,17.935,35913728,66554,33,27.39,0.03,8.03,0.5,0.5,2.772,-0.0027,0.0634,0.005,0.054,,,,,,,,,,,,,
275,17.971,36044800,61503,36,30.65,0.056,8.28,0.875,0.125,2.792,-0.0031,0.0756,0.0057,0.063,,,,,,,,,,,,,
276,18.012,36175872,53270,34,30.58,0.029,8.29,0.6,0.4,2.778,-0.0028,0.0631,0.0051,0.056,,,,,,,,,,,,,
277,18.046,36306944,64232,33,34.41,0.152,7.97,0.2,0.4,2.781,-0.0027,0.0557,0.005,0.053,,,,,,,,,,,,,
278,18.078,36438016,67991,32,31.75,0.188,7.62,0.625,0.125,2.797,-0.0033,0.0517,0.0053,0.056,,,,,,,,,,,,,
279,18.111,36569088,66433,35,31.39,0.171,7.66,0.667,0.333,2.792,-0.0027,0.0637,0.0058,0.063,,,,,,,,,,,,,
280,18.142,36700160,69661,49,29.43,0.041,7.67,0.4,0.6,2.801,-0.0025,0.0825,0.0053,0.052,,,,,,,,,,,,,
281,18.175,36831232,65906,37,27.49,0.135,8.22,0.615,0.231,2.798,-0.0028,0.0791,0.0058,0.062,,,,,,,,,,,,,
282,18.209,36962304,64202,38,26.86,0.026,8.11,0.647,0.353,2.784,-0.003,0.0717,0.0058,0.062,,,,,,,,,,,,,
283,18.249,37093376,54881,31,30.65,0.032,8.13,1.0,0.0,2.758,-0.0027,0.0704,0.0054,0.056,,,,,,,,,,,,,
284,18.288,37224448,56586,45,26.95,0.133,7.93,0.25,0.25,2.78,-0.0025,0.0749,0.0056,0.06,,,,,,,,,,,,,
285,18.321,37355520,66419,50,25.6,0.08,7.72,0.1,0.7,2.776,-0.0031,0.0917,0.0046,0.05,,,,,,,,,,,,,
286,18.353,37486592,67892,37,27.79,0.135,7.95,0.833,0.167,2.788,-0.0029,0.092,0.0049,0.051,,,,,,,,,,,,,
287,18.386,37617664,65854,43,28.29,0.07,7.88,0.7,0.1,2.787,-0.0028,0.0832,0.0053,0.057,,,,,,,,,,,,,
288,18.42,37748736,63790,27,24.82,0.074,8.15,0.75,0.25,2.787,-0.0029,0.0587,0.0053,0.055,,,,,,,,,,,,,
289,18.453,37879808,66384,37,26.9,0.081,8.84,0.6,0.2,2.78,-0.0028,0.0782,0.0053,0.059,,,,,,,,,,,,,
290,18.487,38010880,64756,39,28.28,0.103,8.33,0.286,0.714,2.786,-0.0027,0.0769,0.0056,0.061,,,,,,,,,,,,,
291,18.522,38141952,63211,40,29.44,0.15,8.1,0.667,0.111,2.82,-0.0025,0.068,0.0053,0.055,,,,,,,,,,,,,
292,18.562,38273024,54095,34,29.25,0.118,7.53,0.5,0.25,2.824,-0.0027,0.0616,0.0053,0.058,,,,,,,,,,,,,
293,18.602,38404096,54409,31,29.36,0.161,7.58,0.727,0.182,2.835,-0.0033,0.0546,0.0056,0.066,,,,,,,,,,,,,
294,18.635,38535168,66616,29,31.33,0.138,7.66,1.0,0.0,2.814,-0.0031,0.0462,0.0055,0.054,,,,,,,,,,,,,
295,18.669,38666240,64084,39,28.47,0.154,7.77,0.636,0.273,2.805,-0.0028,0.0755,0.0056,0.056,,,,,,,,,,,,,
296,18.702,38797312,66810,40,31.81,0.15,7.25,0.385,0.462,2.803,-0.0028,0.0686,0.005,0.052,,,,,,,,,,,,,
297,18.735,38928384,65446,38,29.7,0.105,7.84,0.7,0.3,2.798,-0.0031,0.0693,0.0058,0.067,,,,,,,,,,,,,
298,18.769,39059456,65413,35,32.57,0.143,7.94,0.833,0.0,2.77,-0.0026,0.0723,0.0045,0.05,,,,,,,,,,,,,
299,18.802,39190528,64382,33,29.63,0.091,8.24,0.625,0.375,2.778,-0.0025,0.0636,0.0049,0.054,,,,,,,,,,,,,
300,20.053,39321600,50906,28,31.73,0.143,7.68,0.667,0.333,2.788,-0.0025,0.0514,0.0052,0.056,0.87,0.08,0.808,,,,0.736,0.955,0.035,0.703,0.845,0.105,0.895
301,20.085,39452672,68607,35,29.34,0.2,7.37,0.818,0.091,2.79,-0.0025,0.0576,0.0071,0.071,,,,,,,,,,,,,
302,20.119,39583744,65656,32,35.1,0.156,7.34,0.286,0.714,2.761,-0.0023,0.0649,0.0056,0.05,,,,,,,,,,,,,
303,20.156,39714816,58157,40,31.82,0.125,7.92,0.545,0.364,2.755,-0.0027,0.0742,0.0057,0.064,,,,,,,,,,,,,
304,20.194,39845888,57591,37,31.12,0.162,7.57,0.167,0.667,2.752,-0.0025,0.0661,0.0056,0.063,,,,,,,,,,,,,
305,20.235,39976960,53640,29,32.11,0.172,7.14,0.571,0.286,2.764,-0.0027,0.066,0.0059,0.063,,,,,,,,,,,,,
306,20.268,40108032,66688,33,31.19,0.121,8.36,0.333,0.333,2.717,-0.0027,0.0671,0.0055,0.056,,,,,,,,,,,,,
307,20.301,40239104,65397,35,27.79,0.086,7.94,0.875,0.125,2.71,-0.0025,0.0734,0.006,0.062,,,,,,,,,,,,,
308,20.334,40370176,66141,40,30.52,0.1,8.03,0.667,0.333,2.699,-0.0024,0.0894,0.0054,0.055,,,,,,,,,,,,,
309,20.368,40501248,64523,45,35.31,0.089,8.16,0.667,0.222,2.704,-0.0027,0.0824,0.0054,0.057,,,,,,,,,,,,,
310,20.401,40632320,66242,45,26.87,0.089,7.82,0.643,0.214,2.71,-0.0028,0.0795,0.0048,0.053,,,,,,,,,,,,,
311,20.434,40763392,66022,36,30.6,0.028,8.11,0.7,0.3,2.713,-0.0027,0.069,0.0052,0.055,,,,,,,,,,,,,
312,20.468,40894464,64746,32,27.84,0.062,8.0,0.636,0.273,2.703,-0.0026,0.0727,0.0059,0.065,,,,,,,,,,,,,
313,20.503,41025536,61194,39,30.43,0.026,7.72,0.8,0.2,2.706,-0.0028,0.0799,0.0045,0.047,,,,,,,,,,,,,
314,20.538,41156608,63556,33,27.89,0.061,7.61,0.625,0.25,2.711,-0.0027,0.0671,0.0054,0.063,,,,,,,,,,,,,
315,20.572,41287680,64138,31,33.49,0.194,7.42,0.167,0.5,2.701,-0.003,0.0539,0.0056,0.053,,,,,,,,,,,,,
316,20.603,41418752,69817,31,27.87,0.065,7.84,0.833,0.0,2.716,-0.0032,0.0563,0.0057,0.06,,,,,,,,,,,,,
317,20.636,41549824,67048,34,36.12,0.235,7.53,0.4,0.2,2.69,-0.0025,0.0534,0.005,0.05,,,,,,,,,,,,,
318,20.667,41680896,70350,27,31.04,0.111,7.67,0.75,0.25,2.697,-0.0029,0.0528,0.0047,0.051,,,,,,,,,,,,,
319,20.698,41811968,70079,29,32.31,0.172,7.48,0.222,0.556,2.699,-0.0028,0.054,0.0052,0.054,,,,,,,,,,,,,
320,20.729,41943040,70945,24,32.67,0.125,8.71,0.625,0.25,2.714,-0.0026,0.0446,0.0052,0.057,,,,,,,,,,,,,
321,20.762,42074112,66069,26,35.88,0.192,6.88,1.0,0.0,2.68,-0.0028,0.0564,0.0052,0.059,,,,,,,,,,,,,
322,20.795,42205184,65108,27,31.53,0.148,7.33,0.571,0.286,2.693,-0.0025,0.0431,0.0047,0.049,,,,,,,,,,,,,
323,20.83,42336256,63938,34,31.57,0.088,8.21,0.556,0.333,2.697,-0.0026,0.0546,0.005,0.054,,,,,,,,,,,,,
324,20.868,42467328,57158,35,35.19,0.114,8.0,0.571,0.143,2.702,-0.0028,0.0607,0.005,0.055,,,,,,,,,,,,,
325,20.904,42598400,60076,26,30.26,0.115,7.58,0.6,0.4,2.704,-0.0028,0.0516,0.0063,0.075,,,,,,,,,,,,,
326,20.939,42729472,63410,26,37.71,0.308,6.92,0.833,0.0,2.695,-0.0028,0.0374,0.0058,0.06,,,,,,,,,,,,,
327,20.972,42860544,66441,27,37.24,0.185,7.52,0.75,0.25,2.7,-0.0028,0.051,0.0047,0.05,,,,,,,,,,,,,
328,21.006,42991616,64074,21,33.33,0.19,7.19,0.375,0.625,2.697,-0.0026,0.0328,0.0052,0.059,,,,,,,,,,,,,
329,21.04,43122688,63298,29,39.37,0.138,7.28,0.571,0.143,2.681,-0.0028,0.0498,0.0051,0.06,,,,,,,,,,,,,
330,21.073,43253760,67626,28,40.3,0.25,6.93,0.167,0.667,2.675,-0.0037,0.0444,0.006,0.064,,,,,,,,,,,,,
331,21.107,43384832,64297,21,35.55,0.238,7.14,1.0,0.0,2.666,-0.0031,0.0416,0.0051,0.056,,,,,,,,,,,,,
332,21.141,43515904,62982,30,38.59,0.167,7.33,0.583,0.333,2.668,-0.0032,0.0445,0.0059,0.062,,,,,,,,,,,,,
333,21.177,43646976,60733,30,39.55,0.267,6.63,0.429,0.286,2.687,-0.0031,0.0476,0.0052,0.055,,,,,,,,,,,,,
334,21.211,43778048,63819,26,37.75,0.192,7.31,0.5,0.5,2.683,-0.0029,0.0434,0.0055,0.056,,,,,,,,,,,,,
335,21.245,43909120,66032,31,34.97,0.065,8.0,0.75,0.25,2.694,-0.0026,0.0585,0.0047,0.051,,,,,,,,,,,,,
336,21.278,44040192,64642,46,37.96,0.174,7.33,0.818,0.182,2.704,-0.0026,0.0519,0.005,0.051,,,,,,,,,,,,,
337,21.312,44171264,64678,30,35.58,0.233,7.37,0.2,0.6,2.696,-0.0028,0.0529,0.0053,0.055,,,,,,,,,,,,,
338,21.351,44302336,56199,28,36.81,0.25,6.89,0.625,0.25,2.682,-0.003,0.0467,0.0056,0.059,,,,,,,,,,,,,
339,21.393,44433408,52322,30,38.25,0.233,7.67,0.0,0.5,2.685,-0.0027,0.0515,0.0049,0.047,,,,,,,,,,,,,
340,21.428,44564480,62397,22,41.9,0.455,7.0,0.0,0.0,2.698,-0.0025,0.04,0.0059,0.063,,,,,,,,,,,,,
341,21.461,44695552,65301,29,44.33,0.448,6.31,0.667,0.0,2.681,-0.0033,0.0501,0.006,0.068,,,,,,,,,,,,,
342,21.494,44826624,67601,33,38.66,0.182,7.45,0.714,0.286,2.682,-0.0028,0.0638,0.0058,0.06,,,,,,,,,,,,,
343,21.525,44957696,69161,34,32.6,0.147,7.35,0.909,0.091,2.684,-0.0027,0.0456,0.0055,0.06,,,,,,,,,,,,,
344,21.556,45088768,70098,15,38.45,0.333,7.0,1.0,0.0,2.665,-0.0028,0.0279,0.0046,0.046,,,,,,,,,,,,,
345,21.588,45219840,68033,33,38.98,0.273,6.79,0.667,0.25,2.661,-0.0026,0.0378,0.0058,0.064,,,,,,,,,,,,,
346,21.62,45350912,68448,23,36.44,0.174,7.39,0.0,0.5,2.642,-0.003,0.0329,0.0052,0.055,,,,,,,,,,,,,
347,21.653,45481984,66732,27,37.23,0.222,7.74,0.75,0.25,2.639,-0.0025,0.0365,0.0059,0.069,,,,,,,,,,,,,
348,21.686,45613056,66228,27,37.83,0.259,6.81,0.667,0.111,2.627,-0.0029,0.0465,0.0057,0.061,,,,,,,,,,,,,
349,21.718,45744128,69399,22,38.93,0.227,7.18,0.667,0.0,2.617,-0.0028,0.045,0.0049,0.055,,,,,,,,,,,,,
350,23.029,45875200,68750,32,32.38,0.156,7.56,0.571,0.429,2.611,-0.0026,0.054,0.0049,0.049,0.87,0.03,0.862,,,,0.747,0.945,0.015,0.751,0.825,0.105,0.908
351,23.063,46006272,65080,49,36.62,0.286,6.76,0.643,0.286,2.611,-0.0024,0.0643,0.0052,0.051,,,,,,,,,,,,,
352,23.095,46137344,67556,45,39.31,0.311,6.49,0.636,0.273,2.639,-0.0026,0.0638,0.0058,0.067,,,,,,,,,,,,,
353,23.131,46268416,60388,21,38.39,0.238,7.0,0.5,0.5,2.639,-0.0024,0.051,0.0049,0.052,,,,,,,,,,,,,
354,23.168,46399488,59987,39,30.02,0.154,7.23,0.727,0.182,2.639,-0.0031,0.0626,0.0055,0.062,,,,,,,,,,,,,
355,23.208,46530560,55049,33,38.04,0.273,6.55,0.25,0.75,2.634,-0.0027,0.0595,0.0058,0.068,,,,,,,,,,,,,
356,23.24,46661632,66630,32,39.7,0.281,6.75,0.0,0.25,2.636,-0.0027,0.0591,0.0046,0.049,,,,,,,,,,,,,
357,23.275,46792704,62175,33,33.55,0.212,7.73,0.25,0.5,2.619,-0.0024,0.0581,0.0056,0.06,,,,,,,,,,,,,
358,23.31,46923776,63590,22,32.79,0.091,7.55,0.571,0.429,2.632,-0.0027,0.0426,0.0057,0.064,,,,,,,,,,,,,
359,23.342,47054848,68211,21,37.56,0.238,7.19,0.8,0.2,2.612,-0.0025,0.0453,0.0056,0.064,,,,,,,,,,,,,
360,23.376,47185920,63772,28,32.8,0.214,7.61,0.5,0.3,2.61,-0.003,0.0463,0.0058,0.068,,,,,,,,,,,,,
361,23.412,47316992,60931,34,35.42,0.235,7.38,0.417,0.417,2.597,-0.0027,0.0447,0.0058,0.062,,,,,,,,,,,,,
362,23.448,47448064,60413,29,35.78,0.207,7.21,0.75,0.25,2.607,-0.0022,0.0556,0.0057,0.062,,,,,,,,,,,,,
363,23.485,47579136,58856,24,40.64,0.25,7.17,1.0,0.0,2.6,-0.0027,0.0388,0.0044,0.046,,,,,,,,,,,,,
364,23.519,47710208,65360,28,39.56,0.321,6.75,0.429,0.429,2.593,-0.0028,0.0376,0.0056,0.062,,,,,,,,,,,,,
365,23.553,47841280,64323,30,39.84,0.333,6.97,0.625,0.0,2.591,-0.0027,0.0573,0.0064,0.072,,,,,,,,,,,,,
366,23.589,47972352,60736,29,38.18,0.207,7.14,0.714,0.143,2.605,-0.0026,0.0423,0.0052,0.051,,,,,,,,,,,,,
367,23.621,48103424,67750,25,34.04,0.16,7.04,0.5,0.5,2.595,-0.0032,0.0428,0.0051,0.055,,,,,,,,,,,,,
368,23.654,48234496,65356,27,41.24,0.296,6.07,0.667,0.333,2.581,-0.0029,0.0426,0.005,0.055,,,,,,,,,,,,,
369,23.688,48365568,64736,27,38.29,0.259,7.81,0.2,0.6,2.603,-0.0026,0.0523,0.0053,0.055,,,,,,,,,,,,,
370,23.727,48496640,56382,32,36.2,0.344,6.62,0.5,0.333,2.625,-0.0028,0.0482,0.005,0.059,,,,,,,,,,,,,
371,23.767,48627712,54683,23,37.67,0.217,7.52,0.75,0.0,2.61,-0.0026,0.0407,0.0047,0.049,,,,,,,,,,,,,
372,23.8,48758784,65069,32,34.21,0.125,7.44,0.5,0.4,2.603,-0.0024,0.0478,0.0049,0.051,,,,,,,,,,,,,
373,23.833,48889856,66361,19,41.35,0.316,7.0,0.167,0.5,2.619,-0.003,0.0285,0.005,0.056,,,,,,,,,,,,,
374,23.867,49020928,65202,23,34.98,0.174,7.7,0.0,1.0,2.615,-0.0026,0.0479,0.0063,0.066,,,,,,,,,,,,,
375,23.9,49152000,65501,22,39.26,0.273,6.91,0.4,0.6,2.6,-0.0028,0.0424,0.0044,0.046,,,,,,,,,,,,,
376,23.934,49283072,64894,40,37.72,0.125,7.88,0.222,0.556,2.596,-0.0033,0.0583,0.0056,0.058,,,,,,,,,,,,,
377,23.968,49414144,64618,33,38.9,0.242,7.45,1.0,0.0,2.638,-0.0024,0.0606,0.0054,0.053,,,,,,,,,,,,,
378,24.006,49545216,57074,22,35.62,0.318,6.73,1.0,0.0,2.643,-0.003,0.038,0.0043,0.048,,,,,,,,,,,,,
379,24.045,49676288,56287,36,40.91,0.306,7.03,0.375,0.25,2.644,-0.0032,0.0547,0.0053,0.056,,,,,,,,,,,,,
380,24.082,49807360,59444,26,42.13,0.346,6.85,0.286,0.286,2.655,-0.0026,0.0388,0.0046,0.046,,,,,,,,,,,,,
381,24.114,49938432,66461,19,35.99,0.105,8.16,0.667,0.333,2.662,-0.0026,0.0393,0.0053,0.053,,,,,,,,,,,,,
382,24.148,50069504,64429,32,41.03,0.375,6.88,0.625,0.125,2.657,-0.0027,0.0409,0.0049,0.056,,,,,,,,,,,,,
383,24.182,50200576,65581,30,44.93,0.433,5.97,0.545,0.182,2.663,-0.0028,0.0405,0.0062,0.065,,,,,,,,,,,,,
384,24.213,50331648,69131,37,37.63,0.324,6.97,1.0,0.0,2.664,-0.0027,0.0499,0.0057,0.064,,,,,,,,,,,,,
385,24.246,50462720,67431,32,38.54,0.344,7.06,0.889,0.111,2.671,-0.0032,0.05,0.0057,0.062,,,,,,,,,,,,,
386,24.287,50593792,53073,30,35.67,0.233,6.83,0.667,0.333,2.682,-0.0026,0.0594,0.0054,0.059,,,,,,,,,,,,,
387,24.325,50724864,56927,35,35.57,0.143,7.49,0.571,0.429,2.682,-0.0032,0.0488,0.0061,0.07,,,,,,,,,,,,,
388,24.358,50855936,66529,30,37.08,0.233,7.7,0.25,0.375,2.672,-0.0028,0.0519,0.0054,0.06,,,,,,,,,,,,,
389,24.39,50987008,68754,31,37.94,0.194,7.26,0.714,0.0,2.68,-0.0025,0.0571,0.0057,0.066,,,,,,,,,,,,,
390,24.422,51118080,69111,26,35.42,0.308,6.27,0.4,0.3,2.666,-0.003,0.0341,0.0048,0.048,,,,,,,,,,,,,
391,24.453,51249152,69966,22,40.43,0.318,6.55,1.0,0.0,2.653,-0.0031,0.0398,0.0052,0.049,,,,,,,,,,,,,
392,24.488,51380224,61815,27,39.24,0.259,6.56,0.625,0.125,2.658,-0.0026,0.0428,0.0048,0.053,,,,,,,,,,,,,
393,24.521,51511296,66291,35,41.53,0.371,7.0,0.5,0.25,2.655,-0.0027,0.0617,0.0049,0.05,,,,,,,,,,,,,
394,24.554,51642368,65411,27,34.99,0.222,7.26,0.75,0.25,2.66,-0.0028,0.0531,0.005,0.053,,,,,,,,,,,,,
395,24.59,51773440,61807,20,38.48,0.25,6.8,0.5,0.333,2.657,-0.0026,0.0391,0.0049,0.052,,,,,,,,,,,,,
396,24.623,51904512,66292,31,38.96,0.29,7.13,0.286,0.286,2.634,-0.0031,0.061,0.0063,0.076,,,,,,,,,,,,,
397,24.654,52035584,69502,31,34.15,0.161,7.55,0.667,0.167,2.643,-0.0029,0.0522,0.0049,0.053,,,,,,,,,,,,,
398,24.687,52166656,66705,31,39.36,0.258,6.71,0.0,0.5,2.64,-0.0026,0.0602,0.0048,0.051,,,,,,,,,,,,,
399,24.728,52297728,53171,30,38.7,0.233,6.7,0.333,0.333,2.647,-0.0031,0.0582,0.0058,0.055,,,,,,,,,,,,,
400,26.054,52428800,63156,33,37.66,0.212,7.18,0.0,0.714,2.653,-0.0031,0.056,0.0052,0.052,0.88,0.045,0.772,,,,0.716,0.96,0.015,0.718,0.76,0.105,0.948
401,26.106,52559872,42041,34,34.33,0.118,7.76,0.333,0.333,2.662,-0.0025,0.0505,0.004,0.044,,,,,,,,,,,,,
402,26.156,52690944,43394,25,39.6,0.28,7.0,1.0,0.0,2.671,-0.003,0.0508,0.0058,0.057,,,,,,,,,,,,,
403,26.196,52822016,54968,23,37.01,0.217,7.39,0.375,0.5,2.67,-0.0031,0.0398,0.0049,0.053,,,,,,,,,,,,,
404,26.241,52953088,48538,32,37.61,0.344,6.81,0.6,0.0,2.683,-0.0032,0.0461,0.0054,0.059,,,,,,,,,,,,,
405,26.291,53084160,43554,26,39.8,0.231,7.04,0.6,0.2,2.688,-0.0025,0.0414,0.005,0.05,,,,,,,,,,,,,
406,26.333,53215232,51777,28,37.96,0.214,6.89,0.571,0.429,2.688,-0.0023,0.0536,0.0055,0.061,,,,,,,,,,,,,
407,26.376,53346304,51301,26,37.31,0.192,7.77,0.571,0.286,2.679,-0.0031,0.044,0.0055,0.055,,,,,,,,,,,,,
408,26.425,53477376,44767,29,37.28,0.207,7.03,0.556,0.333,2.657,-0.0028,0.0455,0.0047,0.05,,,,,,,,,,,,,
409,26.462,53608448,58599,20,35.97,0.2,6.6,0.333,0.333,2.648,-0.0028,0.0375,0.0047,0.053,,,,,,,,,,,,,
410,26.496,53739520,63789,28,35.82,0.179,7.89,0.5,0.25,2.677,-0.0028,0.0461,0.0048,0.054,,,,,,,,,,,,,
411,26.531,53870592,63052,35,43.35,0.343,6.43,0.167,0.0,2.661,-0.0032,0.0586,0.0053,0.053,,,,,,,,,,,,,
412,26.575,54001664,49959,32,37.66,0.281,6.44,0.75,0.25,2.66,-0.0031,0.0511,0.0057,0.062,,,,,,,,,,,,,
413,26.612,54132736,58962,25,37.59,0.2,7.16,0.5,0.25,2.651,-0.0027,0.0392,0.0045,0.046,,,,,,,,,,,,,
414,26.646,54263808,63745,23,36.13,0.217,7.35,0.5,0.333,2.635,-0.0025,0.0392,0.0051,0.06,,,,,,,,,,,,,
415,26.68,54394880,65111,24,41.19,0.375,6.46,0.0,0.4,2.623,-0.003,0.0433,0.0049,0.057,,,,,,,,,,,,,
416,26.713,54525952,66006,26,38.1,0.231,6.92,0.4,0.4,2.635,-0.0029,0.0399,0.0052,0.06,,,,,,,,,,,,,
417,26.746,54657024,65092,28,47.45,0.429,6.11,0.571,0.143,2.633,-0.0025,0.0376,0.0046,0.044,,,,,,,,,,,,,
418,26.78,54788096,65046,21,34.91,0.19,7.43,0.429,0.143,2.648,-0.003,0.0313,0.0051,0.053,,,,,,,,,,,,,
419,26.815,54919168,62830,21,34.24,0.095,7.48,0.5,0.5,2.619,-0.0026,0.0331,0.0052,0.053,,,,,,,,,,,,,
420,26.849,55050240,63630,27,44.01,0.37,6.22,0.375,0.25,2.616,-0.0028,0.0381,0.006,0.062,,,,,,,,,,,,,
421,26.883,55181312,64801,21,45.9,0.476,5.76,0.5,0.5,2.586,-0.003,0.0339,0.0048,0.053,,,,,,,,,,,,,
422,26.916,55312384,64845,27,41.57,0.37,5.78,0.5,0.0,2.606,-0.003,0.0329,0.0046,0.047,,,,,,,,,,,,,
423,26.95,55443456,64298,24,42.41,0.375,6.29,0.0,0.4,2.628,-0.0029,0.0402,0.0039,0.042,,,,,,,,,,,,,
424,26.985,55574528,62470,30,40.87,0.3,6.57,0.4,0.2,2.605,-0.003,0.0403,0.0047,0.044,,,,,,,,,,,,,
425,27.021,55705600,61887,31,39.88,0.323,5.71,0.429,0.143,2.608,-0.0029,0.0432,0.0054,0.051,,,,,,,,,,,,,
426,27.055,55836672,63385,30,42.0,0.367,6.17,0.429,0.571,2.617,-0.0025,0.0492,0.0054,0.056,,,,,,,,,,,,,
427,27.09,55967744,62205,24,39.05,0.25,5.83,0.429,0.571,2.627,-0.0029,0.0237,0.006,0.055,,,,,,,,,,,,,
428,27.124,56098816,65461,30,43.89,0.367,6.3,0.286,0.429,2.647,-0.0025,0.0441,0.0051,0.055,,,,,,,,,,,,,
429,27.157,56229888,65754,26,44.44,0.346,5.38,1.0,0.0,2.661,-0.0033,0.038,0.005,0.053,,,,,,,,,,,,,
430,27.191,56360960,65071,30,41.76,0.367,6.7,0.5,0.5,2.654,-0.003,0.0354,0.0045,0.044,,,,,,,,,,,,,
431,27.225,56492032,62937,28,38.3,0.286,6.39,0.364,0.455,2.629,-0.0027,0.0364,0.0049,0.054,,,,,,,,,,,,,
432,27.26,56623104,62917,25,48.2,0.52,5.08,0.25,0.75,2.625,-0.0025,0.0383,0.0041,0.045,,,,,,,,,,,,,
433,27.294,56754176,63726,29,33.72,0.207,6.62,0.2,0.6,2.609,-0.0032,0.042,0.0058,0.06,,,,,,,,,,,,,
434,27.328,56885248,65057,27,43.9,0.481,5.7,0.0,0.0,2.616,-0.0027,0.0421,0.0049,0.05,,,,,,,,,,,,,
435,27.362,57016320,64485,22,35.84,0.318,6.05,0.25,0.25,2.612,-0.0023,0.0386,0.004,0.036,,,,,,,,,,,,,
436,27.397,57147392,62306,24,40.29,0.292,6.12,0.143,0.286,2.613,-0.0028,0.0368,0.004,0.04,,,,,,,,,,,,,
437,27.431,57278464,64110,20,46.98,0.5,5.35,0.0,0.667,2.604,-0.003,0.0345,0.0053,0.054,,,,,,,,,,,,,
438,27.465,57409536,64758,34,42.06,0.382,5.59,0.167,0.333,2.619,-0.0025,0.0328,0.0044,0.039,,,,,,,,,,,,,
439,27.498,57540608,64935,30,38.64,0.3,5.8,1.0,0.0,2.602,-0.0025,0.0459,0.0047,0.048,,,,,,,,,,,,,
440,27.531,57671680,65817,27,40.91,0.444,6.3,0.5,0.167,2.612,-0.0028,0.0336,0.0044,0.044,,,,,,,,,,,,,
441,27.565,57802752,64841,28,41.01,0.286,6.57,0.571,0.0,2.614,-0.0024,0.036,0.0047,0.05,,,,,,,,,,,,,
442,27.599,57933824,64346,26,35.66,0.269,5.73,0.6,0.0,2.595,-0.0023,0.0433,0.0044,0.04,,,,,,,,,,,,,
443,27.632,58064896,65759,27,44.03,0.444,5.04,0.4,0.2,2.598,-0.0029,0.0272,0.0044,0.044,,,,,,,,,,,,,
444,27.665,58195968,65982,25,42.86,0.28,6.84,0.429,0.429,2.592,-0.0028,0.0461,0.0059,0.054,,,,,,,,,,,,,
445,27.7,58327040,64121,35,40.66,0.371,5.89,0.4,0.2,2.592,-0.0026,0.0501,0.0045,0.044,,,,,,,,,,,,,
446,27.733,58458112,65180,23,33.75,0.174,7.04,0.333,0.667,2.566,-0.0028,0.0391,0.0049,0.049,,,,,,,,,,,,,
447,27.766,58589184,66108,26,38.59,0.231,6.65,0.333,0.556,2.545,-0.0032,0.0426,0.0042,0.047,,,,,,,,,,,,,
448,27.8,58720256,65482,38,46.4,0.289,6.42,0.286,0.286,2.55,-0.0025,0.0662,0.0048,0.053,,,,,,,,,,,,,
449,27.833,58851328,64647,29,35.78,0.138,6.76,0.667,0.333,2.556,-0.0029,0.0433,0.0046,0.046,,,,,,,,,,,,,
450,29.141,58982400,63802,32,38.24,0.281,6.66,0.556,0.222,2.536,-0.0024,0.0407,0.0048,0.049,0.88,0.055,0.837,,,,0.725,0.985,0.01,0.703,0.7,0.15,0.945
451,29.176,59113472,62390,22,39.44,0.091,7.32,0.8,0.2,2.518,-0.0029,0.0531,0.005,0.048,,,,,,,,,,,,,
452,29.219,59244544,51490,37,36.23,0.243,6.78,0.333,0.5,2.528,-0.0027,0.0572,0.0046,0.044,,,,,,,,,,,,,
453,29.254,59375616,61959,39,42.25,0.308,6.1,0.1,0.5,2.525,-0.0027,0.0647,0.0047,0.046,,,,,,,,,,,,,
454,29.288,59506688,64632,32,36.15,0.25,6.5,0.0,0.667,2.547,-0.0028,0.052,0.0044,0.041,,,,,,,,,,,,,
455,29.321,59637760,65554,33,35.65,0.182,7.06,0.75,0.125,2.537,-0.0026,0.0555,0.0044,0.042,,,,,,,,,,,,,
456,29.355,59768832,65173,26,38.05,0.269,6.77,0.571,0.286,2.533,-0.0024,0.047,0.0043,0.045,,,,,,,,,,,,,
457,29.388,59899904,65238,27,38.25,0.222,6.85,0.667,0.333,2.528,-0.0027,0.047,0.005,0.054,,,,,,,,,,,,,
458,29.422,60030976,63813,28,38.32,0.286,6.64,0.75,0.25,2.521,-0.0026,0.0465,0.004,0.041,,,,,,,,,,,,,
459,29.457,60162048,63184,31,39.08,0.29,6.48,0.429,0.0,2.513,-0.0027,0.0482,0.0047,0.045,,,,,,,,,,,,,
460,29.491,60293120,63988,23,32.85,0.261,6.17,0.0,1.0,2.504,-0.003,0.0442,0.0042,0.045,,,,,,,,,,,,,
461,29.526,60424192,62173,31,34.99,0.194,7.61,0.636,0.273,2.476,-0.0026,0.0591,0.0046,0.045,,,,,,,,,,,,,
462,29.561,60555264,63172,25,34.88,0.16,7.04,0.625,0.375,2.477,-0.0024,0.0423,0.0037,0.038,,,,,,,,,,,,,
463,29.596,60686336,62647,33,33.01,0.182,6.76,0.429,0.286,2.485,-0.0028,0.0465,0.0043,0.047,,,,,,,,,,,,,
464,29.629,60817408,65246,23,34.5,0.174,6.78,0.333,0.333,2.484,-0.0026,0.0456,0.0043,0.048,,,,,,,,,,,,,
465,29.663,60948480,65094,28,35.96,0.214,7.29,0.5,0.5,2.487,-0.0027,0.0458,0.0053,0.048,,,,,,,,,,,,,
466,29.696,61079552,65621,28,38.57,0.357,6.25,0.4,0.6,2.479,-0.0027,0.0402,0.0044,0.048,,,,,,,,,,,,,
467,29.729,61210624,65418,31,38.4,0.194,7.03,0.857,0.0,2.485,-0.0027,0.0661,0.0042,0.044,,,,,,,,,,,,,
468,29.763,61341696,65765,28,38.12,0.143,7.54,0.333,0.5,2.52,-0.0024,0.0536,0.0038,0.044,,,,,,,,,,,,,
469,29.796,61472768,66099,26,42.34,0.462,5.5,0.25,0.375,2.509,-0.0031,0.0306,0.0047,0.052,,,,,,,,,,,,,
470,29.829,61603840,65350,21,31.51,0.095,7.67,0.6,0.4,2.513,-0.0029,0.0361,0.0048,0.058,,,,,,,,,,,,,
471,29.863,61734912,64933,32,40.33,0.281,6.78,0.429,0.571,2.507,-0.0026,0.048,0.0043,0.048,,,,,,,,,,,,,
472,29.899,61865984,60768,31,47.0,0.29,7.32,0.429,0.286,2.495,-0.0028,0.0465,0.005,0.052,,,,,,,,,,,,,
473,29.935,61997056,59827,29,41.07,0.31,5.97,0.5,0.0,2.484,-0.0029,0.0455,0.0046,0.046,,,,,,,,,,,,,
474,29.969,62128128,65516,26,36.16,0.192,7.35,0.286,0.571,2.489,-0.0026,0.0419,0.0043,0.047,,,,,,,,,,,,,
475,30.003,62259200,63168,37,37.73,0.189,7.57,0.6,0.2,2.479,-0.0024,0.0561,0.0045,0.049,,,,,,,,,,,,,
476,30.038,62390272,63481,34,36.81,0.265,6.91,0.222,0.556,2.49,-0.0024,0.0467,0.004,0.036,,,,,,,,,,,,,
477,30.073,62521344,62290,26,34.13,0.231,6.31,0.667,0.333,2.488,-0.0028,0.0423,0.0042,0.04,,,,,,,,,,,,,
478,30.108,62652416,62186,31,38.18,0.258,6.58,0.4,0.3,2.484,-0.0029,0.0513,0.0049,0.047,,,,,,,,,,,,,
479,30.143,62783488,63184,26,35.74,0.231,7.15,0.75,0.125,2.487,-0.0026,0.0494,0.0043,0.044,,,,,,,,,,,,,
480,30.177,62914560,64249,28,38.41,0.25,6.46,0.25,0.25,2.491,-0.0027,0.0486,0.004,0.038,,,,,,,,,,,,,
481,30.211,63045632,63778,30,37.68,0.2,6.97,0.667,0.333,2.506,-0.0024,0.0561,0.0041,0.04,,,,,,,,,,,,,
482,30.245,63176704,63618,30,41.92,0.333,6.03,0.333,0.333,2.505,-0.003,0.048,0.0043,0.044,,,,,,,,,,,,,
483,30.28,63307776,62469,19,31.24,0.158,6.84,0.5,0.25,2.469,-0.0025,0.0411,0.0042,0.043,,,,,,,,,,,,,
484,30.314,63438848,64277,34,36.87,0.294,6.41,0.375,0.125,2.48,-0.0025,0.0444,0.0044,0.042,,,,,,,,,,,,,
485,30.348,63569920,63949,38,40.93,0.211,7.13,1.0,0.0,2.461,-0.0027,0.0703,0.0054,0.054,,,,,,,,,,,,,
486,30.381,63700992,66225,32,35.41,0.219,7.22,0.714,0.143,2.468,-0.0025,0.0549,0.0042,0.041,,,,,,,,,,,,,
487,30.414,63832064,66832,27,39.34,0.185,7.59,0.0,1.0,2.452,-0.0027,0.0381,0.0042,0.045,,,,,,,,,,,,,
488,30.447,63963136,65791,30,32.82,0.267,7.4,0.6,0.4,2.439,-0.0022,0.0574,0.0043,0.042,,,,,,,,,,,,,
489,30.481,64094208,64195,31,40.48,0.226,6.71,0.444,0.222,2.431,-0.0029,0.0486,0.0038,0.045,,,,,,,,,,,,,
490,30.515,64225280,64595,27,35.65,0.185,7.15,0.667,0.333,2.435,-0.003,0.0507,0.0051,0.053,,,,,,,,,,,,,
491,30.55,64356352,62250,35,39.61,0.257,6.63,0.455,0.364,2.43,-0.0024,0.0496,0.0046,0.045,,,,,,,,,,,,,
492,30.583,64487424,65756,31,33.77,0.129,7.42,0.571,0.286,2.448,-0.0023,0.0462,0.0043,0.046,,,,,,,,,,,,,
493,30.617,64618496,64262,25,39.61,0.24,7.2,0.429,0.571,2.468,-0.0026,0.0337,0.0045,0.045,,,,,,,,,,,,,
494,30.651,64749568,64462,16,39.4,0.25,6.62,0.667,0.167,2.406,-0.0025,0.0295,0.0045,0.048,,,,,,,,,,,,,
495,30.685,64880640,65429,20,37.54,0.25,6.4,0.667,0.167,2.433,-0.0025,0.0297,0.0045,0.046,,,,,,,,,,,,,
496,30.718,65011712,66124,32,44.41,0.406,5.75,0.8,0.2,2.454,-0.0029,0.0352,0.0048,0.048,,,,,,,,,,,,,
497,30.751,65142784,65265,13,36.32,0.077,7.31,0.5,0.5,2.441,-0.0026,0.0259,0.0048,0.046,,,,,,,,,,,,,
498,30.786,65273856,63207,19,35.36,0.053,7.68,0.667,0.333,2.433,-0.0021,0.0407,0.0038,0.037,,,,,,,,,,,,,
499,30.824,65404928,57408,42,39.75,0.286,6.45,0.75,0.125,2.445,-0.0019,0.0472,0.0039,0.033,,,,,,,,,,,,,
500,32.132,65536000,59712,27,40.52,0.296,6.33,0.455,0.273,2.448,-0.0027,0.033,0.0056,0.058,0.815,0.115,0.797,,,,0.708,0.965,0.005,0.716,0.67,0.11,0.964
501,32.166,65667072,63529,20,40.75,0.3,6.65,0.571,0.286,2.444,-0.0028,0.0287,0.0045,0.049,,,,,,,,,,,,,
502,32.198,65798144,68315,24,40.08,0.333,5.96,0.429,0.429,2.443,-0.0027,0.02,0.0045,0.045,,,,,,,,,,,,,
503,32.232,65929216,64423,18,44.42,0.278,7.06,0.667,0.0,2.431,-0.0025,0.0332,0.0046,0.051,,,,,,,,,,,,,
504,32.264,66060288,67806,24,46.89,0.458,5.5,0.0,0.5,2.452,-0.0025,0.0247,0.005,0.054,,,,,,,,,,,,,
505,32.298,66191360,64634,18,42.32,0.389,5.72,0.667,0.333,2.45,-0.0025,0.0223,0.0044,0.041,,,,,,,,,,,,,
506,32.332,66322432,64315,23,40.25,0.348,6.22,0.571,0.0,2.433,-0.0025,0.0393,0.0044,0.046,,,,,,,,,,,,,
507,32.368,66453504,59894,21,44.68,0.381,5.48,0.75,0.0,2.449,-0.0024,0.0304,0.0043,0.045,,,,,,,,,,,,,
508,32.402,66584576,64675,19,36.58,0.211,6.68,1.0,0.0,2.443,-0.0025,0.017,0.0049,0.047,,,,,,,,,,,,,
509,32.433,66715648,70718,22,49.85,0.591,4.95,0.333,0.333,2.459,-0.0028,0.0273,0.0044,0.042,,,,,,,,,,,,,
510,32.467,66846720,64995,33,43.95,0.364,5.58,0.5,0.5,2.454,-0.0027,0.041,0.0048,0.056,,,,,,,,,,,,,
511,32.499,66977792,68639,27,37.05,0.296,5.56,0.714,0.286,2.464,-0.003,0.0409,0.0048,0.054,,,,,,,,,,,,,
512,32.531,67108864,68140,31,45.03,0.355,5.81,0.833,0.0,2.453,-0.0029,0.0268,0.0049,0.054,,,,,,,,,,,,,
513,32.565,67239936,64389,29,43.42,0.448,4.55,0.333,0.333,2.458,-0.0024,0.0225,0.0043,0.046,,,,,,,,,,,,,
514,32.597,67371008,67287,23,41.14,0.348,4.96,0.6,0.1,2.446,-0.0025,0.0191,0.0041,0.039,,,,,,,,,,,,,
515,32.631,67502080,65316,30,49.39,0.467,5.5,0.6,0.0,2.435,-0.0022,0.035,0.0039,0.04,,,,,,,,,,,,,
516,32.665,67633152,63515,25,47.28,0.56,4.56,0.75,0.25,2.422,-0.0026,0.0237,0.0041,0.039,,,,,,,,,,,,,
517,32.7,67764224,62958,17,52.89,0.647,3.94,0.333,0.0,2.396,-0.003,0.0194,0.0044,0.039,,,,,,,,,,,,,
518,32.731,67895296,68865,27,45.45,0.407,5.89,0.714,0.286,2.388,-0.0026,0.0382,0.0042,0.042,,,,,,,,,,,,,
519,32.763,68026368,69849,31,48.6,0.548,4.29,0.286,0.286,2.384,-0.003,0.026,0.0042,0.046,,,,,,,,,,,,,
520,32.797,68157440,64237,24,46.08,0.458,4.92,0.556,0.222,2.391,-0.0025,0.0241,0.0042,0.042,,,,,,,,,,,,,
521,32.829,68288512,68344,23,42.13,0.391,5.22,0.625,0.25,2.388,-0.0026,0.0232,0.0042,0.043,,,,,,,,,,,,,
522,32.861,68419584,67330,23,37.42,0.304,6.57,0.636,0.182,2.373,-0.0025,0.0317,0.0039,0.041,,,,,,,,,,,,,
523,32.895,68550656,65287,17,48.47,0.529,4.71,0.667,0.0,2.377,-0.0028,0.0172,0.0044,0.039,,,,,,,,,,,,,
524,32.927,68681728,67450,31,45.06,0.484,5.23,0.7,0.2,2.378,-0.0025,0.0303,0.0041,0.042,,,,,,,,,,,,,
525,32.958,68812800,70192,21,38.54,0.143,6.29,0.667,0.333,2.388,-0.0027,0.0285,0.0039,0.039,,,,,,,,,,,,,
526,32.994,68943872,60627,16,43.41,0.25,5.75,0.5,0.25,2.391,-0.0027,0.0261,0.0041,0.04,,,,,,,,,,,,,
527,33.027,69074944,66486,35,44.09,0.429,5.03,0.0,0.75,2.383,-0.0027,0.0346,0.0049,0.045,,,,,,,,,,,,,
528,33.059,69206016,68369,29,48.16,0.621,3.59,0.111,0.333,2.413,-0.0025,0.0259,0.0052,0.053,,,,,,,,,,,,,
529,33.094,69337088,62996,24,37.59,0.208,6.96,0.5,0.25,2.392,-0.0024,0.0361,0.0041,0.048,,,,,,,,,,,,,
530,33.126,69468160,67746,28,39.45,0.286,6.21,0.75,0.25,2.39,-0.0025,0.0404,0.0049,0.052,,,,,,,,,,,,,
531,33.157,69599232,69230,18,44.06,0.389,6.22,0.667,0.333,2.403,-0.0029,0.0253,0.0044,0.044,,,,,,,,,,,,,
532,33.196,69730304,56130,20,50.07,0.6,4.25,0.0,0.333,2.398,-0.0028,0.0319,0.005,0.05,,,,,,,,,,,,,
533,33.236,69861376,55253,33,42.47,0.242,6.73,0.714,0.286,2.416,-0.0026,0.0357,0.0047,0.048,,,,,,,,,,,,,
534,33.268,69992448,68690,25,47.68,0.44,4.8,0.4,0.2,2.423,-0.0021,0.0281,0.004,0.037,,,,,,,,,,,,,
535,33.3,70123520,68264,22,42.47,0.409,5.32,0.4,0.6,2.421,-0.0024,0.0245,0.0042,0.044,,,,,,,,,,,,,
536,33.335,70254592,61435,19,45.8,0.474,5.0,0.667,0.333,2.404,-0.0023,0.0243,0.0046,0.046,,,,,,,,,,,,,
537,33.371,70385664,60540,16,48.47,0.562,3.75,0.333,0.333,2.398,-0.0028,0.0231,0.0046,0.049,,,,,,,,,,,,,
538,33.405,70516736,65826,27,44.84,0.481,5.33,0.75,0.0,2.411,-0.0023,0.0415,0.0045,0.045,,,,,,,,,,,,,
539,33.437,70647808,67244,35,43.48,0.4,5.91,0.889,0.0,2.409,-0.0027,0.0314,0.0041,0.041,,,,,,,,,,,,,
540,33.471,70778880,64518,27,46.69,0.444,4.96,0.571,0.0,2.442,-0.0027,0.0285,0.0044,0.046,,,,,,,,,,,,,
541,33.511,70909952,54709,21,49.04,0.619,4.62,1.0,0.0,2.416,-0.0025,0.0249,0.0047,0.044,,,,,,,,,,,,,
542,33.543,71041024,67673,28,42.66,0.321,6.5,0.3,0.4,2.412,-0.0024,0.0318,0.0046,0.045,,,,,,,,,,,,,
543,33.586,71172096,51280,26,50.62,0.577,4.96,0.5,0.25,2.445,-0.0021,0.0288,0.0035,0.035,,,,,,,,,,,,,
544,33.632,71303168,47498,16,49.75,0.5,4.5,0.25,0.75,2.428,-0.0027,0.0237,0.0043,0.048,,,,,,,,,,,,,
545,33.676,71434240,49911,26,47.11,0.385,5.58,0.857,0.143,2.421,-0.0024,0.0247,0.0037,0.033,,,,,,,,,,,,,
546,33.709,71565312,65119,20,44.14,0.4,5.35,0.75,0.25,2.421,-0.0028,0.0307,0.0045,0.05,,,,,,,,,,,,,
547,33.74,71696384,70273,22,46.19,0.455,5.23,0.6,0.2,2.419,-0.0027,0.0198,0.0049,0.049,,,,,,,,,,,,,
548,33.771,71827456,69875,18,45.63,0.5,4.94,0.0,0.333,2.438,-0.0024,0.0197,0.0041,0.039,,,,,,,,,,,,,
549,33.803,71958528,69245,20,44.6,0.5,4.45,0.2,0.0,2.415,-0.0027,0.0249,0.0043,0.048,,,,,,,,,,,,,
550,34.99,72089600,68177,17,50.0,0.647,4.0,0.25,0.0,2.417,-0.003,0.0173,0.0053,0.057,0.705,0.24,0.756,,,,0.728,0.955,0.015,0.695,0.595,0.135,0.965
551,35.025,72220672,62319,18,51.07,0.5,5.33,0.333,0.167,2.416,-0.0024,0.0302,0.0046,0.044,,,,,,,,,,,,,
552,35.057,72351744,67147,29,42.98,0.414,5.0,0.455,0.091,2.405,-0.0026,0.021,0.0049,0.053,,,,,,,,,,,,,
553,35.09,72482816,66733,11,49.39,0.727,2.55,0.5,0.0,2.381,-0.0026,0.0143,0.0049,0.053,,,,,,,,,,,,,
554,35.124,72613888,64843,17,47.69,0.588,6.12,0.25,0.0,2.374,-0.0022,0.0231,0.0038,0.037,,,,,,,,,,,,,
555,35.157,72744960,66458,34,47.2,0.471,5.06,0.5,0.3,2.368,-0.0025,0.0318,0.0042,0.041,,,,,,,,,,,,,
556,35.192,72876032,61501,27,47.32,0.407,6.19,0.571,0.143,2.386,-0.0025,0.0414,0.0044,0.049,,,,,,,,,,,,,
557,35.225,73007104,65506,25,46.29,0.48,4.12,0.5,0.5,2.42,-0.0025,0.0252,0.0042,0.041,,,,,,,,,,,,,
558,35.261,73138176,61599,25,44.75,0.44,5.0,0.667,0.0,2.389,-0.0022,0.0267,0.0038,0.037,,,,,,,,,,,,,
559,35.297,73269248,61388,24,48.35,0.458,5.25,0.6,0.0,2.391,-0.0025,0.0252,0.0041,0.04,,,,,,,,,,,,,
560,35.335,73400320,57516,28,44.25,0.321,5.79,0.714,0.286,2.404,-0.0028,0.0346,0.0041,0.046,,,,,,,,,,,,,
561,35.369,73531392,63959,28,49.68,0.536,3.82,0.25,0.0,2.429,-0.0026,0.0291,0.0048,0.054,,,,,,,,,,,,,
562,35.401,73662464,67202,24,46.78,0.583,4.08,0.0,0.75,2.459,-0.0025,0.022,0.0044,0.041,,,,,,,,,,,,,
563,35.434,73793536,66130,25,51.81,0.64,3.52,0.333,0.167,2.465,-0.0026,0.0192,0.0049,0.045,,,,,,,,,,,,,
564,35.467,73924608,65759,20,43.42,0.4,5.55,0.5,0.5,2.46,-0.0025,0.0227,0.0047,0.049,,,,,,,,,,,,,
565,35.501,74055680,65055,14,43.64,0.357,4.93,0.333,0.667,2.456,-0.0025,0.0169,0.0039,0.039,,,,,,,,,,,,,
566,35.541,74186752,54877,27,53.97,0.667,3.26,0.333,0.5,2.449,-0.0027,0.0179,0.0048,0.053,,,,,,,,,,,,,
567,35.579,74317824,56741,31,53.03,0.71,3.48,0.333,0.333,2.446,-0.0026,0.0252,0.0047,0.042,,,,,,,,,,,,,
568,35.617,74448896,57968,23,49.41,0.522,4.17,0.6,0.2,2.444,-0.0024,0.0201,0.0042,0.04,,,,,,,,,,,,,
569,35.652,74579968,62906,20,44.04,0.4,5.85,1.0,0.0,2.447,-0.0028,0.0224,0.0049,0.046,,,,,,,,,,,,,
570,35.687,74711040,61761,18,50.69,0.556,4.39,0.333,0.333,2.447,-0.0027,0.0206,0.0056,0.056,,,,,,,,,,,,,
571,35.722,74842112,63532,22,45.86,0.455,4.64,0.4,0.4,2.438,-0.0025,0.024,0.0043,0.04,,,,,,,,,,,,,
572,35.765,74973184,50793,20,44.13,0.5,4.4,0.429,0.286,2.444,-0.0025,0.025,0.0049,0.051,,,,,,,,,,,,,
573,35.804,75104256,55174,32,46.14,0.438,5.25,0.364,0.273,2.447,-0.0023,0.0325,0.0041,0.041,,,,,,,,,,,,,
574,35.841,75235328,59534,26,41.99,0.423,5.08,0.714,0.0,2.457,-0.0023,0.032,0.0041,0.041,,,,,,,,,,,,,
575,35.875,75366400,63909,28,45.12,0.393,5.25,0.429,0.143,2.457,-0.0028,0.0214,0.0046,0.045,,,,,,,,,,,,,
576,35.916,75497472,53467,16,36.79,0.312,5.5,0.5,0.5,2.457,-0.0023,0.0244,0.004,0.045,,,,,,,,,,,,,
577,35.949,75628544,66965,23,50.61,0.565,4.13,0.375,0.125,2.464,-0.0026,0.0225,0.0045,0.051,,,,,,,,,,,,,
578,35.99,75759616,52621,22,47.27,0.455,5.0,1.0,0.0,2.468,-0.0029,0.0273,0.005,0.056,,,,,,,,,,,,,
579,36.024,75890688,65521,13,47.47,0.615,3.08,0.0,0.0,2.459,-0.0023,0.0185,0.0039,0.038,,,,,,,,,,,,,
580,36.058,76021760,62793,21,45.62,0.524,4.76,0.444,0.0,2.464,-0.0027,0.0166,0.0041,0.044,,,,,,,,,,,,,
581,36.093,76152832,62443,20,47.1,0.35,5.45,1.0,0.0,2.464,-0.0025,0.0349,0.0051,0.054,,,,,,,,,,,,,
582,36.13,76283904,59826,21,46.96,0.571,4.43,0.667,0.0,2.481,-0.0024,0.0211,0.004,0.043,,,,,,,,,,,,,
583,36.169,76414976,56325,31,51.29,0.548,4.16,0.333,0.167,2.503,-0.0023,0.0223,0.0042,0.045,,,,,,,,,,,,,
584,36.208,76546048,54863,21,49.85,0.619,4.62,0.4,0.2,2.51,-0.0028,0.0195,0.0041,0.043,,,,,,,,,,,,,
585,36.254,76677120,47948,29,47.06,0.414,5.28,0.5,0.5,2.485,-0.0026,0.0379,0.0046,0.049,,,,,,,,,,,,,
586,36.303,76808192,44447,27,45.34,0.444,5.33,0.571,0.286,2.497,-0.0024,0.0326,0.0042,0.04,,,,,,,,,,,,,
587,36.345,76939264,52862,25,49.89,0.56,4.0,0.143,0.429,2.494,-0.0019,0.0219,0.004,0.035,,,,,,,,,,,,,
588,36.389,77070336,49549,26,44.11,0.385,5.31,0.286,0.571,2.495,-0.0025,0.0277,0.0047,0.051,,,,,,,,,,,,,
589,36.438,77201408,44689,27,47.09,0.407,5.19,0.6,0.2,2.505,-0.0025,0.029,0.0042,0.044,,,,,,,,,,,,,
590,36.478,77332480,53769,28,51.87,0.536,4.57,0.5,0.25,2.493,-0.002,0.0312,0.0039,0.044,,,,,,,,,,,,,
591,36.519,77463552,52907,22,43.75,0.545,3.91,0.0,0.5,2.501,-0.0023,0.0178,0.0042,0.041,,,,,,,,,,,,,
592,36.567,77594624,46409,17,51.13,0.588,4.06,0.0,0.0,2.509,-0.0023,0.0166,0.0046,0.045,,,,,,,,,,,,,
593,36.613,77725696,46995,25,40.76,0.36,4.96,0.25,0.5,2.5,-0.0023,0.0304,0.0049,0.052,,,,,,,,,,,,,
594,36.646,77856768,65321,27,47.43,0.481,4.74,0.25,0.25,2.495,-0.0022,0.0302,0.004,0.043,,,,,,,,,,,,,
595,36.68,77987840,65979,24,49.14,0.667,4.0,0.333,0.0,2.494,-0.0027,0.0198,0.0043,0.035,,,,,,,,,,,,,
596,36.714,78118912,63323,17,46.8,0.647,4.41,0.25,0.25,2.496,-0.003,0.0235,0.0044,0.046,,,,,,,,,,,,,
597,36.747,78249984,65592,19,49.67,0.526,4.11,,,2.489,-0.0028,0.0197,0.0042,0.039,,,,,,,,,,,,,
598,36.78,78381056,66614,23,39.99,0.348,6.09,0.0,0.0,2.498,-0.0026,0.0287,0.0038,0.036,,,,,,,,,,,,,
599,36.814,78512128,63934,27,41.28,0.259,5.74,0.375,0.25,2.49,-0.0026,0.0295,0.0032,0.029,,,,,,,,,,,,,
600,38.029,78643200,65891,23,44.7,0.435,4.91,0.5,0.125,2.488,-0.0026,0.0255,0.0042,0.045,0.76,0.175,0.775,,,,0.736,0.95,0.005,0.768,0.585,0.165,0.959
601,38.064,78774272,62265,21,52.79,0.571,3.86,0.4,0.4,2.499,-0.0025,0.0252,0.0042,0.041,,,,,,,,,,,,,
602,38.097,78905344,68207,22,44.99,0.545,5.27,0.444,0.0,2.492,-0.0027,0.0287,0.0043,0.041,,,,,,,,,,,,,
603,38.13,79036416,65300,29,47.27,0.552,4.07,0.4,0.2,2.503,-0.0024,0.0237,0.0035,0.039,,,,,,,,,,,,,
604,38.163,79167488,66287,17,50.41,0.529,4.24,0.5,0.25,2.466,-0.0027,0.0198,0.0047,0.044,,,,,,,,,,,,,
605,38.197,79298560,64784,25,45.18,0.44,5.12,0.333,0.167,2.47,-0.0026,0.0171,0.0034,0.029,,,,,,,,,,,,,
606,38.229,79429632,68365,24,45.21,0.417,5.04,0.5,0.25,2.471,-0.0024,0.0272,0.004,0.035,,,,,,,,,,,,,
607,38.263,79560704,64085,21,44.01,0.429,5.57,0.714,0.143,2.468,-0.0026,0.0191,0.0039,0.039,,,,,,,,,,,,,
608,38.298,79691776,62137,26,47.55,0.462,5.0,0.5,0.125,2.472,-0.0022,0.0232,0.0037,0.039,,,,,,,,,,,,,
609,38.341,79822848,51098,17,43.29,0.412,5.12,0.5,0.0,2.468,-0.0023,0.0242,0.0032,0.033,,,,,,,,,,,,,
610,38.373,79953920,67900,25,48.35,0.4,4.96,0.333,0.0,2.48,-0.0027,0.0338,0.0048,0.049,,,,,,,,,,,,,
611,38.405,80084992,67676,34,50.52,0.559,3.79,0.167,0.333,2.479,-0.0021,0.0312,0.0032,0.036,,,,,,,,,,,,,
612,38.439,80216064,65243,34,47.36,0.265,6.29,0.333,0.333,2.482,-0.0024,0.0449,0.0043,0.042,,,,,,,,,,,,,
613,38.472,80347136,64896,24,49.06,0.583,3.88,0.25,0.5,2.505,-0.0025,0.0196,0.0041,0.044,,,,,,,,,,,,,
614,38.505,80478208,67363,18,49.16,0.556,4.72,0.0,0.5,2.481,-0.0025,0.0185,0.0036,0.032,,,,,,,,,,,,,
615,38.539,80609280,63470,20,49.6,0.6,4.3,0.0,0.25,2.468,-0.0023,0.0174,0.0033,0.033,,,,,,,,,,,,,
616,38.578,80740352,55966,22,44.32,0.364,6.32,0.4,0.4,2.455,-0.0018,0.0289,0.0044,0.045,,,,,,,,,,,,,
617,38.61,80871424,68128,21,49.13,0.571,4.38,0.333,0.0,2.448,-0.0022,0.0218,0.0033,0.028,,,,,,,,,,,,,
618,38.644,81002496,65116,30,45.49,0.433,5.13,0.833,0.0,2.483,-0.0023,0.0316,0.0043,0.044,,,,,,,,,,,,,
619,38.678,81133568,64743,22,41.36,0.364,6.09,0.375,0.25,2.502,-0.0021,0.0229,0.0036,0.034,,,,,,,,,,,,,
620,38.711,81264640,66315,21,46.87,0.333,5.81,0.667,0.0,2.473,-0.0025,0.03,0.0044,0.039,,,,,,,,,,,,,
621,38.754,81395712,50685,18,47.06,0.5,4.67,0.5,0.5,2.477,-0.0027,0.021,0.0052,0.051,,,,,,,,,,,,,
622,38.791,81526784,58667,28,46.65,0.357,5.5,0.857,0.143,2.482,-0.0025,0.0308,0.0047,0.041,,,,,,,,,,,,,
623,38.832,81657856,53744,27,40.41,0.222,6.44,0.5,0.5,2.521,-0.0027,0.0358,0.0046,0.044,,,,,,,,,,,,,
624,38.876,81788928,49461,22,45.58,0.364,5.73,0.0,0.333,2.517,-0.0023,0.0337,0.0052,0.051,,,,,,,,,,,,,
625,38.908,81920000,67644,18,42.11,0.444,4.78,0.6,0.4,2.513,-0.0022,0.0197,0.0036,0.037,,,,,,,,,,,,,
626,38.94,82051072,68875,28,49.9,0.429,5.54,0.667,0.0,2.503,-0.0023,0.0358,0.0037,0.032,,,,,,,,,,,,,
627,38.971,82182144,70143,20,45.51,0.45,4.9,0.2,0.2,2.529,-0.0023,0.0281,0.0037,0.033,,,,,,,,,,,,,
628,39.005,82313216,64486,27,43.6,0.333,5.81,0.2,0.4,2.528,-0.0025,0.0318,0.0044,0.043,,,,,,,,,,,,,
629,39.05,82444288,48181,20,44.74,0.35,5.7,0.2,0.4,2.527,-0.0028,0.0245,0.0048,0.047,,,,,,,,,,,,,
630,39.088,82575360,57741,24,45.62,0.292,6.0,0.5,0.167,2.548,-0.0028,0.0334,0.0034,0.034,,,,,,,,,,,,,
631,39.127,82706432,56160,35,48.69,0.514,5.49,0.667,0.0,2.563,-0.0023,0.0335,0.0048,0.048,,,,,,,,,,,,,
632,39.16,82837504,66343,24,45.6,0.417,5.08,0.5,0.25,2.57,-0.0023,0.0205,0.0037,0.036,,,,,,,,,,,,,
633,39.195,82968576,61751,16,44.35,0.5,5.12,0.333,0.0,2.56,-0.0025,0.0234,0.0044,0.042,,,,,,,,,,,,,
634,39.228,83099648,67611,25,44.38,0.44,5.52,0.333,0.0,2.546,-0.0024,0.0347,0.0045,0.038,,,,,,,,,,,,,
635,39.262,83230720,62579,26,41.66,0.346,5.65,0.0,0.333,2.537,-0.0027,0.0344,0.0042,0.038,,,,,,,,,,,,,
636,39.297,83361792,63841,26,45.4,0.538,3.92,0.429,0.0,2.528,-0.0023,0.0345,0.0036,0.037,,,,,,,,,,,,,
637,39.328,83492864,69271,21,44.52,0.286,6.24,0.667,0.0,2.523,-0.0025,0.0458,0.0044,0.047,,,,,,,,,,,,,
638,39.362,83623936,63973,32,41.04,0.25,6.56,0.6,0.2,2.543,-0.0025,0.0521,0.0041,0.047,,,,,,,,,,,,,
639,39.401,83755008,56762,34,50.25,0.559,4.82,0.286,0.286,2.547,-0.0026,0.0386,0.0044,0.045,,,,,,,,,,,,,
640,39.435,83886080,64200,25,44.05,0.4,5.48,0.4,0.2,2.545,-0.0026,0.0345,0.0046,0.04,,,,,,,,,,,,,
641,39.472,84017152,59098,18,43.23,0.444,5.67,0.5,0.0,2.552,-0.0025,0.0281,0.0037,0.036,,,,,,,,,,,,,
642,39.506,84148224,63862,23,47.33,0.391,6.04,0.0,0.6,2.563,-0.0019,0.0321,0.0042,0.041,,,,,,,,,,,,,
643,39.545,84279296,56058,25,40.79,0.28,6.84,0.0,0.5,2.568,-0.0027,0.0398,0.0041,0.045,,,,,,,,,,,,,
644,39.577,84410368,67897,28,42.85,0.357,6.0,0.75,0.125,2.594,-0.0023,0.0253,0.0047,0.044,,,,,,,,,,,,,
645,39.618,84541440,53627,19,44.1,0.316,6.42,0.6,0.0,2.557,-0.0025,0.0321,0.0038,0.04,,,,,,,,,,,,,
646,39.658,84672512,54744,25,50.38,0.52,4.68,0.2,0.4,2.541,-0.0025,0.0419,0.0048,0.05,,,,,,,,,,,,,
647,39.71,84803584,42300,21,43.19,0.381,5.71,0.0,0.6,2.534,-0.0022,0.0207,0.0041,0.043,,,,,,,,,,,,,
648,39.757,84934656,45789,16,43.6,0.5,5.56,0.667,0.0,2.533,-0.0026,0.021,0.0039,0.037,,,,,,,,,,,,,
649,39.793,85065728,60611,22,46.73,0.545,5.18,0.0,0.333,2.535,-0.0024,0.027,0.0043,0.041,,,,,,,,,,,,,
650,41.046,85196800,63156,33,45.83,0.515,5.09,0.5,0.0,2.559,-0.0022,0.0389,0.0039,0.042,0.83,0.075,0.852,,,,0.725,0.94,0.005,0.741,0.64,0.195,0.947
651,41.085,85327872,56153,24,39.57,0.333,5.38,0.0,1.0,2.544,-0.0025,0.0357,0.0048,0.046,,,,,,,,,,,,,
652,41.123,85458944,57754,27,45.26,0.481,4.33,0.25,0.25,2.547,-0.0025,0.0271,0.0042,0.041,,,,,,,,,,,,,
653,41.16,85590016,58697,22,39.32,0.318,6.32,0.5,0.0,2.52,-0.0026,0.0246,0.0035,0.035,,,,,,,,,,,,,
654,41.197,85721088,58764,26,45.18,0.462,4.54,0.0,0.0,2.524,-0.0026,0.0293,0.0041,0.04,,,,,,,,,,,,,
655,41.231,85852160,63903,24,47.36,0.375,5.92,0.333,0.333,2.52,-0.002,0.0306,0.0037,0.038,,,,,,,,,,,,,
656,41.268,85983232,58815,21,45.85,0.333,5.38,0.2,0.4,2.52,-0.002,0.0427,0.0028,0.026,,,,,,,,,,,,,
657,41.307,86114304,56904,35,42.49,0.257,6.91,0.778,0.111,2.542,-0.0026,0.0552,0.0035,0.036,,,,,,,,,,,,,
658,41.344,86245376,58388,30,44.7,0.367,5.9,0.222,0.333,2.561,-0.0024,0.0366,0.003,0.029,,,,,,,,,,,,,
659,41.382,86376448,57746,28,47.49,0.607,4.14,0.2,0.0,2.548,-0.0027,0.0247,0.0049,0.045,,,,,,,,,,,,,
660,41.416,86507520,63909,23,45.96,0.435,5.61,1.0,0.0,2.554,-0.0024,0.0302,0.0038,0.04,,,,,,,,,,,,,
661,41.45,86638592,64449,15,42.34,0.333,5.93,0.333,0.0,2.527,-0.0021,0.0314,0.0037,0.032,,,,,,,,,,,,,
662,41.484,86769664,64190,22,41.97,0.409,5.09,0.2,0.6,2.522,-0.0026,0.0218,0.003,0.027,,,,,,,,,,,,,
663,41.52,86900736,60977,28,46.82,0.357,5.89,0.8,0.0,2.52,-0.002,0.0332,0.0035,0.032,,,,,,,,,,,,,
664,41.558,87031808,56783,26,42.95,0.385,5.96,0.2,0.0,2.494,-0.0026,0.0392,0.0037,0.035,,,,,,,,,,,,,
665,41.593,87162880,63842,30,39.67,0.167,6.8,0.667,0.167,2.522,-0.0027,0.03,0.0041,0.04,,,,,,,,,,,,,
666,41.626,87293952,65439,29,50.51,0.69,4.03,0.0,0.0,2.519,-0.0025,0.028,0.0039,0.04,,,,,,,,,,,,,
667,41.66,87425024,64613,20,52.31,0.45,4.95,0.2,0.2,2.519,-0.0025,0.0185,0.0038,0.037,,,,,,,,,,,,,
668,41.693,87556096,66119,22,48.22,0.409,5.09,0.0,0.2,2.51,-0.0021,0.0318,0.0038,0.031,,,,,,,,,,,,,
669,41.726,87687168,66628,17,43.11,0.353,6.0,0.5,0.0,2.485,-0.0022,0.0294,0.0035,0.03,,,,,,,,,,,,,
670,41.76,87818240,63798,23,45.89,0.348,5.35,0.2,0.4,2.482,-0.0027,0.0266,0.0041,0.042,,,,,,,,,,,,,
671,41.795,87949312,62584,17,48.14,0.353,6.06,0.667,0.333,2.47,-0.0024,0.034,0.0039,0.037,,,,,,,,,,,,,
672,41.833,88080384,57424,26,40.64,0.385,5.5,0.25,0.0,2.489,-0.0025,0.0361,0.0041,0.041,,,,,,,,,,,,,
673,41.871,88211456,57484,21,45.77,0.333,6.67,0.429,0.286,2.497,-0.0026,0.0343,0.004,0.036,,,,,,,,,,,,,
674,41.905,88342528,63725,25,40.56,0.24,6.76,0.5,0.0,2.502,-0.0026,0.0378,0.0039,0.037,,,,,,,,,,,,,
675,41.94,88473600,63656,22,45.97,0.364,5.59,0.25,0.0,2.504,-0.002,0.0261,0.0034,0.029,,,,,,,,,,,,,
676,41.974,88604672,63385,21,43.18,0.429,5.14,0.8,0.0,2.504,-0.0018,0.0299,0.0032,0.025,,,,,,,,,,,,,
677,42.008,88735744,64991,20,39.67,0.3,6.0,0.667,0.333,2.485,-0.0025,0.0361,0.004,0.037,,,,,,,,,,,,,
678,42.042,88866816,62966,29,45.82,0.345,6.07,0.2,0.2,2.507,-0.0024,0.0387,0.0041,0.036,,,,,,,,,,,,,
679,42.082,88997888,55735,22,49.56,0.545,4.09,0.667,0.0,2.504,-0.0028,0.0234,0.0045,0.049,,,,,,,,,,,,,
680,42.123,89128960,52878,22,52.11,0.636,4.59,0.0,0.25,2.514,-0.0024,0.0339,0.0036,0.034,,,,,,,,,,,,,
681,42.162,89260032,56342,23,45.21,0.391,5.91,0.167,0.5,2.521,-0.002,0.0253,0.004,0.042,,,,,,,,,,,,,
682,42.196,89391104,63772,21,41.98,0.238,6.24,0.5,0.0,2.523,-0.0022,0.0324,0.004,0.038,,,,,,,,,,,,,
683,42.23,89522176,64035,24,48.51,0.5,4.83,0.333,0.667,2.535,-0.0019,0.0197,0.0039,0.03,,,,,,,,,,,,,
684,42.265,89653248,62468,22,50.08,0.364,5.95,0.8,0.0,2.521,-0.0019,0.0215,0.0032,0.025,,,,,,,,,,,,,
685,42.298,89784320,65494,25,50.33,0.56,4.8,0.143,0.143,2.511,-0.0026,0.0231,0.0041,0.04,,,,,,,,,,,,,
686,42.333,89915392,63646,28,52.13,0.643,3.39,0.111,0.222,2.493,-0.0023,0.0214,0.0041,0.037,,,,,,,,,,,,,
687,42.375,90046464,51886,25,49.71,0.48,4.56,0.4,0.0,2.473,-0.0023,0.0303,0.0037,0.037,,,,,,,,,,,,,
688,42.413,90177536,56988,27,48.5,0.593,4.85,0.333,0.333,2.471,-0.0021,0.0308,0.0033,0.03,,,,,,,,,,,,,
689,42.448,90308608,62562,18,40.78,0.278,5.78,0.0,0.333,2.476,-0.0024,0.0212,0.0041,0.037,,,,,,,,,,,,,
690,42.483,90439680,63593,22,48.9,0.5,4.36,0.25,0.0,2.465,-0.0021,0.0177,0.0031,0.022,,,,,,,,,,,,,
691,42.518,90570752,62475,19,43.56,0.421,5.21,0.6,0.0,2.464,-0.0023,0.019,0.0039,0.038,,,,,,,,,,,,,
692,42.552,90701824,63767,22,47.11,0.5,4.68,0.25,0.5,2.441,-0.0022,0.0277,0.0038,0.034,,,,,,,,,,,,,
693,42.587,90832896,62447,24,46.9,0.625,2.83,0.333,0.0,2.442,-0.0023,0.0172,0.0039,0.033,,,,,,,,,,,,,
694,42.622,90963968,61895,27,52.62,0.519,4.67,0.4,0.4,2.443,-0.0022,0.0387,0.0038,0.033,,,,,,,,,,,,,
695,42.66,91095040,57760,16,44.38,0.5,4.44,0.0,0.0,2.456,-0.0022,0.017,0.0037,0.033,,,,,,,,,,,,,
696,42.703,91226112,50371,19,46.53,0.421,5.84,0.5,0.0,2.459,-0.0023,0.0271,0.004,0.037,,,,,,,,,,,,,
697,42.739,91357184,61345,21,45.79,0.429,5.52,0.667,0.0,2.433,-0.002,0.0246,0.0034,0.035,,,,,,,,,,,,,
698,42.775,91488256,60610,31,45.55,0.419,5.0,0.364,0.273,2.413,-0.0023,0.0218,0.0038,0.029,,,,,,,,,,,,,
699,42.81,91619328,63124,23,49.12,0.478,6.22,0.25,0.25,2.41,-0.0023,0.0375,0.0037,0.032,,,,,,,,,,,,,
700,44.094,91750400,62038,32,47.85,0.406,6.19,0.556,0.333,2.42,-0.0024,0.0259,0.0031,0.034,0.895,0.035,0.816,,,,0.684,0.94,0.04,0.775,0.715,0.115,0.947
701,44.129,91881472,63226,24,46.9,0.417,6.0,0.25,0.0,2.412,-0.0023,0.0305,0.0036,0.035,,,,,,,,,,,,,
702,44.163,92012544,63772,19,50.84,0.632,3.68,0.5,0.0,2.418,-0.0021,0.0172,0.0036,0.031,,,,,,,,,,,,,
703,44.198,92143616,62867,20,48.2,0.5,4.95,0.714,0.0,2.433,-0.0021,0.0234,0.0032,0.029,,,,,,,,,,,,,
704,44.232,92274688,64409,19,40.11,0.526,5.11,0.0,0.333,2.441,-0.0024,0.0204,0.0035,0.028,,,,,,,,,,,,,
705,44.267,92405760,62342,22,47.96,0.5,4.86,0.714,0.143,2.413,-0.0023,0.0175,0.0037,0.032,,,,,,,,,,,,,
706,44.304,92536832,58931,23,51.02,0.696,3.3,0.2,0.2,2.406,-0.0021,0.0208,0.0035,0.028,,,,,,,,,,,,,
707,44.339,92667904,62990,16,49.56,0.562,3.5,0.75,0.25,2.396,-0.0023,0.0186,0.003,0.031,,,,,,,,,,,,,
708,44.372,92798976,65827,27,43.44,0.481,4.93,0.5,0.5,2.407,-0.0018,0.0256,0.003,0.024,,,,,,,,,,,,,
709,44.405,92930048,64998,24,50.21,0.583,4.62,0.429,0.286,2.418,-0.0024,0.0217,0.0043,0.039,,,,,,,,,,,,,
710,44.439,93061120,65259,15,46.07,0.467,5.8,1.0,0.0,2.398,-0.0017,0.0196,0.0034,0.034,,,,,,,,,,,,,
711,44.474,93192192,62541,29,52.89,0.552,4.72,0.714,0.286,2.384,-0.0025,0.0285,0.0044,0.044,,,,,,,,,,,,,
712,44.509,93323264,62421,24,45.94,0.375,5.88,0.286,0.571,2.375,-0.002,0.0256,0.0032,0.027,,,,,,,,,,,,,
713,44.545,93454336,60663,26,44.52,0.423,5.35,0.333,0.167,2.388,-0.0021,0.0184,0.0036,0.034,,,,,,,,,,,,,
714,44.583,93585408,57823,22,50.06,0.545,4.64,0.25,0.0,2.404,-0.0024,0.0304,0.0033,0.033,,,,,,,,,,,,,
715,44.617,93716480,64100,22,53.13,0.591,4.64,0.0,0.0,2.392,-0.0024,0.032,0.0035,0.033,,,,,,,,,,,,,
716,44.65,93847552,65165,31,50.94,0.613,4.48,0.0,0.5,2.396,-0.0021,0.0365,0.0034,0.027,,,,,,,,,,,,,
717,44.684,93978624,64658,22,52.25,0.545,4.45,0.25,0.0,2.417,-0.0025,0.0167,0.0036,0.033,,,,,,,,,,,,,
718,44.718,94109696,63953,22,43.36,0.409,4.95,0.571,0.286,2.408,-0.0023,0.0277,0.004,0.034,,,,,,,,,,,,,
719,44.752,94240768,65110,30,48.01,0.467,5.6,0.3,0.4,2.403,-0.0021,0.0354,0.0039,0.033,,,,,,,,,,,,,
720,44.787,94371840,62987,23,39.95,0.435,4.74,0.4,0.2,2.411,-0.0022,0.0228,0.0031,0.033,,,,,,,,,,,,,
721,44.823,94502912,59376,16,50.31,0.688,4.12,0.667,0.0,2.391,-0.0019,0.0267,0.0032,0.03,,,,,,,,,,,,,
722,44.861,94633984,57480,18,42.31,0.278,5.61,0.167,0.5,2.376,-0.0026,0.0266,0.0042,0.041,,,,,,,,,,,,,
723,44.898,94765056,58948,26,45.49,0.423,5.88,0.333,0.333,2.39,-0.0024,0.0311,0.0031,0.032,,,,,,,,,,,,,
724,44.931,94896128,66228,25,40.92,0.28,6.64,0.25,0.5,2.406,-0.0026,0.0272,0.003,0.028,,,,,,,,,,,,,
725,44.965,95027200,64223,21,47.48,0.381,6.05,0.714,0.143,2.406,-0.0023,0.0258,0.0039,0.032,,,,,,,,,,,,,
726,45.0,95158272,62549,31,53.06,0.645,3.87,0.545,0.0,2.41,-0.002,0.0239,0.0026,0.025,,,,,,,,,,,,,
727,45.034,95289344,65721,22,46.24,0.455,5.82,0.4,0.2,2.41,-0.0025,0.0203,0.0032,0.029,,,,,,,,,,,,,
728,45.067,95420416,64810,26,46.87,0.538,4.38,0.5,0.5,2.404,-0.0026,0.0282,0.0029,0.031,,,,,,,,,,,,,
729,45.105,95551488,57665,27,50.02,0.556,4.56,0.2,0.0,2.401,-0.0025,0.0285,0.0033,0.036,,,,,,,,,,,,,
730,45.144,95682560,55808,23,47.87,0.435,5.91,0.0,0.667,2.412,-0.0023,0.0366,0.0033,0.031,,,,,,,,,,,,,
731,45.183,95813632,57243,17,48.53,0.471,5.47,0.333,0.0,2.409,-0.0021,0.0183,0.0034,0.026,,,,,,,,,,,,,
732,45.216,95944704,65931,33,43.35,0.333,6.42,0.2,0.0,2.415,-0.002,0.0453,0.0036,0.031,,,,,,,,,,,,,
733,45.25,96075776,64158,21,47.13,0.238,6.86,0.0,0.0,2.411,-0.0024,0.0262,0.004,0.036,,,,,,,,,,,,,
734,45.283,96206848,65157,22,38.4,0.273,6.77,0.6,0.2,2.412,-0.0019,0.0399,0.0036,0.036,,,,,,,,,,,,,
735,45.317,96337920,64806,22,40.68,0.364,5.86,0.0,0.0,2.414,-0.0023,0.0276,0.0038,0.032,,,,,,,,,,,,,
736,45.351,96468992,63875,22,46.11,0.455,5.86,0.333,0.0,2.418,-0.0021,0.0412,0.0029,0.027,,,,,,,,,,,,,
737,45.389,96600064,57995,28,43.92,0.393,5.79,0.429,0.286,2.415,-0.0022,0.0414,0.0032,0.024,,,,,,,,,,,,,
738,45.43,96731136,52641,29,45.7,0.414,5.28,0.333,0.167,2.408,-0.0021,0.0277,0.0034,0.033,,,,,,,,,,,,,
739,45.469,96862208,56191,28,46.35,0.393,6.07,0.667,0.167,2.419,-0.0022,0.0299,0.0034,0.032,,,,,,,,,,,,,
740,45.504,96993280,63763,25,42.5,0.4,5.68,0.429,0.143,2.421,-0.0019,0.0252,0.0031,0.026,,,,,,,,,,,,,
741,45.538,97124352,63300,22,43.68,0.5,5.73,0.333,0.0,2.423,-0.0022,0.0321,0.0033,0.026,,,,,,,,,,,,,
742,45.573,97255424,62965,22,41.26,0.409,5.5,0.4,0.4,2.43,-0.0022,0.0315,0.0038,0.037,,,,,,,,,,,,,
743,45.606,97386496,65724,22,41.99,0.364,6.45,0.5,0.5,2.422,-0.0025,0.0288,0.0036,0.032,,,,,,,,,,,,,
744,45.641,97517568,62932,31,48.27,0.516,4.94,0.6,0.0,2.432,-0.0021,0.0341,0.0032,0.029,,,,,,,,,,,,,
745,45.678,97648640,58238,24,42.71,0.458,5.83,0.143,0.429,2.427,-0.002,0.0256,0.0026,0.024,,,,,,,,,,,,,
746,45.716,97779712,57773,29,44.12,0.414,4.93,0.375,0.375,2.424,-0.0018,0.0435,0.0032,0.027,,,,,,,,,,,,,
747,45.754,97910784,57150,37,47.86,0.568,4.35,0.267,0.133,2.432,-0.002,0.0334,0.0028,0.027,,,,,,,,,,,,,
748,45.789,98041856,63850,32,37.41,0.188,6.97,0.0,0.0,2.434,-0.0021,0.0561,0.003,0.025,,,,,,,,,,,,,
749,45.823,98172928,63425,30,38.2,0.2,6.77,0.25,0.25,2.45,-0.0023,0.049,0.003,0.029,,,,,,,,,,,,,
750,47.08,98304000,63266,11,42.14,0.273,6.27,0.333,0.333,2.443,-0.0029,0.0237,0.0044,0.049,0.885,0.05,0.836,,,,0.735,0.95,0.025,0.77,0.71,0.13,0.949
751,47.114,98435072,64260,25,38.98,0.4,5.56,0.333,0.333,2.414,-0.002,0.0318,0.003,0.024,,,,,,,,,,,,,
752,47.149,98566144,62508,27,48.07,0.481,5.74,0.5,0.0,2.404,-0.002,0.0331,0.0028,0.021,,,,,,,,,,,,,
753,47.183,98697216,62764,23,42.08,0.261,6.61,0.6,0.2,2.412,-0.0019,0.032,0.0036,0.029,,,,,,,,,,,,,
754,47.221,98828288,58761,23,46.95,0.522,5.17,0.286,0.286,2.429,-0.0021,0.0246,0.0026,0.02,,,,,,,,,,,,,
755,47.256,98959360,62410,24,40.06,0.25,6.29,0.4,0.4,2.419,-0.0021,0.0411,0.0028,0.023,,,,,,,,,,,,,
756,47.291,99090432,61098,28,40.13,0.25,6.82,0.5,0.333,2.408,-0.0021,0.0296,0.0034,0.031,,,,,,,,,,,,,
757,47.329,99221504,58689,31,44.22,0.419,5.87,0.75,0.0,2.4,-0.0019,0.0334,0.0031,0.022,,,,,,,,,,,,,
758,47.363,99352576,64332,19,44.55,0.474,5.21,0.5,0.0,2.395,-0.0021,0.0233,0.0029,0.025,,,,,,,,,,,,,
759,47.397,99483648,64151,18,39.53,0.222,6.83,0.667,0.333,2.361,-0.0019,0.0327,0.0029,0.025,,,,,,,,,,,,,
760,47.432,99614720,62643,20,44.01,0.5,4.3,0.0,0.0,2.36,-0.002,0.0317,0.0027,0.022,,,,,,,,,,,,,
761,47.466,99745792,64445,30,44.92,0.4,5.17,0.5,0.25,2.381,-0.0021,0.0377,0.0033,0.029,,,,,,,,,,,,,
762,47.5,99876864,62472,19,43.64,0.368,5.05,0.6,0.0,2.371,-0.0023,0.0286,0.0036,0.036,,,,,,,,,,,,,
763,47.537,100007936,59603,27,43.68,0.333,6.48,0.833,0.167,2.369,-0.002,0.0503,0.0028,0.025,,,,,,,,,,,,,
764,47.579,100139008,51708,25,44.55,0.32,6.08,0.25,0.5,2.386,-0.0021,0.0328,0.0027,0.025,,,,,,,,,,,,,
765,47.624,100270080,48870,22,45.82,0.409,5.86,0.5,0.0,2.395,-0.0022,0.0257,0.0032,0.031,,,,,,,,,,,,,
766,47.659,100401152,62769,35,42.31,0.4,6.09,0.4,0.2,2.409,-0.0021,0.0402,0.0029,0.023,,,,,,,,,,,,,
767,47.693,100532224,63790,26,45.36,0.423,4.96,0.6,0.2,2.394,-0.0019,0.0331,0.0031,0.024,,,,,,,,,,,,,
768,47.729,100663296,61391,25,44.97,0.48,5.16,0.444,0.111,2.397,-0.0019,0.0263,0.0029,0.023,,,,,,,,,,,,,
769,47.762,100794368,65275,20,47.21,0.45,5.5,0.5,0.0,2.393,-0.0021,0.0326,0.0031,0.026,,,,,,,,,,,,,
770,47.795,100925440,66208,23,46.31,0.348,6.83,0.2,0.6,2.375,-0.0021,0.0299,0.0032,0.025,,,,,,,,,,,,,
771,47.831,101056512,60817,23,44.52,0.391,5.17,0.4,0.2,2.37,-0.0022,0.0312,0.0035,0.03,,,,,,,,,,,,,
772,47.874,101187584,51385,26,44.35,0.385,6.46,0.333,0.0,2.37,-0.0024,0.0278,0.0042,0.037,,,,,,,,,,,,,
773,47.91,101318656,60162,20,43.81,0.25,7.35,0.667,0.0,2.364,-0.0021,0.0358,0.0029,0.031,,,,,,,,,,,,,
774,47.943,101449728,66236,19,42.15,0.368,5.42,0.25,0.5,2.354,-0.0019,0.0264,0.0026,0.019,,,,,,,,,,,,,
775,47.976,101580800,66258,23,50.47,0.565,4.35,0.0,0.0,2.334,-0.0019,0.0328,0.0028,0.023,,,,,,,,,,,,,
776,48.009,101711872,66259,17,46.14,0.412,4.76,0.8,0.2,2.325,-0.0018,0.0232,0.0027,0.021,,,,,,,,,,,,,
777,48.043,101842944,65205,41,47.02,0.439,5.46,0.6,0.2,2.35,-0.0019,0.0398,0.0025,0.021,,,,,,,,,,,,,
778,48.076,101974016,64596,12,38.42,0.25,5.33,1.0,0.0,2.326,-0.0022,0.0225,0.003,0.026,,,,,,,,,,,,,
779,48.113,102105088,60156,30,43.3,0.467,5.2,0.0,0.333,2.328,-0.0023,0.0273,0.0029,0.029,,,,,,,,,,,,,
780,48.156,102236160,51048,30,42.67,0.367,5.73,0.429,0.286,2.322,-0.0021,0.0284,0.0028,0.027,,,,,,,,,,,,,
781,48.194,102367232,56097,22,47.21,0.455,4.86,0.286,0.429,2.298,-0.0021,0.0186,0.0031,0.023,,,,,,,,,,,,,
782,48.228,102498304,65561,24,42.57,0.292,6.67,0.6,0.0,2.311,-0.0019,0.0496,0.0026,0.027,,,,,,,,,,,,,
783,48.263,102629376,62488,31,43.35,0.452,4.65,0.5,0.167,2.318,-0.0025,0.0344,0.0028,0.029,,,,,,,,,,,,,
784,48.299,102760448,59956,23,43.98,0.435,5.65,0.6,0.0,2.306,-0.002,0.0334,0.0032,0.034,,,,,,,,,,,,,
785,48.331,102891520,68296,24,48.33,0.5,5.04,0.429,0.0,2.307,-0.0017,0.0386,0.0024,0.017,,,,,,,,,,,,,
786,48.364,103022592,67143,26,49.45,0.577,4.38,0.667,0.0,2.304,-0.0023,0.0221,0.0028,0.023,,,,,,,,,,,,,
787,48.397,103153664,66188,25,48.46,0.52,5.0,0.25,0.25,2.284,-0.0019,0.033,0.0026,0.019,,,,,,,,,,,,,
788,48.432,103284736,61479,26,37.73,0.269,6.88,0.5,0.5,2.291,-0.0019,0.0462,0.003,0.028,,,,,,,,,,,,,
789,48.464,103415808,68265,21,47.8,0.381,6.14,0.25,0.25,2.295,-0.002,0.0307,0.0028,0.022,,,,,,,,,,,,,
790,48.496,103546880,68841,22,44.86,0.318,6.59,0.25,0.25,2.287,-0.0019,0.0273,0.0032,0.027,,,,,,,,,,,,,
791,48.529,103677952,67194,24,49.33,0.542,4.5,0.444,0.111,2.307,-0.0021,0.0256,0.0031,0.028,,,,,,,,,,,,,
792,48.56,103809024,70363,23,44.57,0.391,6.0,0.6,0.2,2.298,-0.0021,0.0381,0.0025,0.019,,,,,,,,,,,,,
793,48.591,103940096,70137,37,43.49,0.351,6.24,0.667,0.167,2.309,-0.0022,0.0388,0.0032,0.029,,,,,,,,,,,,,
794,48.623,104071168,68532,25,42.24,0.28,6.92,0.4,0.2,2.307,-0.0018,0.0515,0.0022,0.021,,,,,,,,,,,,,
795,48.656,104202240,65059,26,45.11,0.269,6.5,0.8,0.2,2.314,-0.0018,0.023,0.0025,0.021,,,,,,,,,,,,,
796,48.699,104333312,51145,22,42.83,0.273,6.77,0.571,0.143,2.303,-0.0021,0.0406,0.0029,0.027,,,,,,,,,,,,,
797,48.737,104464384,57293,28,41.51,0.321,6.18,0.286,0.286,2.296,-0.0019,0.0307,0.0028,0.026,,,,,,,,,,,,,
798,48.769,104595456,67789,17,45.9,0.412,5.53,0.5,0.0,2.28,-0.0018,0.0278,0.0028,0.023,,,,,,,,,,,,,
799,48.802,104726528,67278,20,45.85,0.35,5.9,0.333,0.0,2.26,-0.0021,0.0379,0.0032,0.029,,,,,,,,,,,,,
800,50.027,104857600,67033,19,38.5,0.368,6.21,0.333,0.667,2.258,-0.0016,0.0276,0.0021,0.016,0.91,0.025,0.835,,,,0.681,0.98,0.005,0.739,0.675,0.085,0.964
